-- phpMyAdmin SQL Dump
-- version 5.2.1
-- https://www.phpmyadmin.net/
--
-- Host: 127.0.0.1
-- Generation Time: Apr 25, 2023 at 05:36 PM
-- Server version: 10.4.28-MariaDB
-- PHP Version: 8.2.4

SET SQL_MODE = "NO_AUTO_VALUE_ON_ZERO";
START TRANSACTION;
SET time_zone = "+00:00";


/*!40101 SET @OLD_CHARACTER_SET_CLIENT=@@CHARACTER_SET_CLIENT */;
/*!40101 SET @OLD_CHARACTER_SET_RESULTS=@@CHARACTER_SET_RESULTS */;
/*!40101 SET @OLD_COLLATION_CONNECTION=@@COLLATION_CONNECTION */;
/*!40101 SET NAMES utf8mb4 */;

--
-- Database: `hoang`
--

-- --------------------------------------------------------

--
-- Table structure for table `accounts`
--

CREATE TABLE `accounts` (
  `id` int(11) NOT NULL,
  `password` varchar(255) NOT NULL,
  `type` varchar(10) NOT NULL,
  `isActive` tinyint(1) DEFAULT 1,
  `createdAt` datetime NOT NULL,
  `updatedAt` datetime NOT NULL,
  `permissiongroupId` int(11) DEFAULT NULL
) ENGINE=InnoDB DEFAULT CHARSET=utf8 COLLATE=utf8_general_ci;

--
-- Dumping data for table `accounts`
--

INSERT INTO `accounts` (`id`, `password`, `type`, `isActive`, `createdAt`, `updatedAt`, `permissiongroupId`) VALUES
(0, 'admin', 'superadmin', 1, '2023-03-26 16:55:28', '2023-03-26 16:55:28', NULL),
(1, '$2a$10$SJ3qzAXATPiZObNLhVgWreMmyah5MbV/e0C8OAzgkP3hfKh93h4EG', 'GV', 1, '2023-03-18 15:49:49', '2023-03-18 15:49:49', NULL),
(4, '$2a$10$OwL79QTw8pnjG', 'GV', 0, '2023-03-27 08:42:41', '2023-03-27 08:42:41', NULL),
(21, '$2a$10$97mNjOR0LdJvgkEE9BMHFOvldLUx6Ee1dAbwBPmIvey58lgpyGCem', 'SV', 1, '2023-04-11 03:01:59', '2023-04-11 03:01:59', 2),
(187, '', 'SV', 1, '2023-04-11 13:02:23', '2023-04-11 13:02:23', NULL),
(188, '', 'SV', 1, '2023-04-11 13:02:23', '2023-04-11 13:02:23', NULL),
(189, '', 'SV', 1, '2023-04-11 13:02:23', '2023-04-11 13:02:23', NULL),
(190, '', 'SV', 1, '2023-04-11 13:02:23', '2023-04-11 13:02:23', NULL),
(191, '', 'SV', 1, '2023-04-11 13:02:23', '2023-04-11 13:02:23', NULL),
(192, '', 'SV', 1, '2023-04-11 13:02:23', '2023-04-11 13:02:23', NULL),
(193, '', 'SV', 1, '2023-04-11 13:02:23', '2023-04-11 13:02:23', NULL),
(194, '', 'SV', 1, '2023-04-11 13:02:23', '2023-04-11 13:02:23', NULL),
(195, '', 'SV', 1, '2023-04-11 13:02:23', '2023-04-11 13:02:23', NULL),
(196, '', 'SV', 1, '2023-04-11 13:02:23', '2023-04-11 13:02:23', NULL),
(197, '', 'SV', 1, '2023-04-11 13:02:23', '2023-04-11 13:02:23', NULL),
(198, '', 'SV', 1, '2023-04-11 13:02:23', '2023-04-11 13:02:23', NULL),
(199, '', 'SV', 1, '2023-04-11 13:02:23', '2023-04-11 13:02:23', NULL),
(200, '', 'SV', 1, '2023-04-11 13:02:23', '2023-04-11 13:02:23', NULL),
(201, '', 'SV', 1, '2023-04-11 13:02:23', '2023-04-11 13:02:23', NULL),
(202, '', 'SV', 1, '2023-04-11 13:02:23', '2023-04-11 13:02:23', NULL),
(203, '', 'SV', 1, '2023-04-11 13:02:23', '2023-04-11 13:02:23', NULL),
(204, '', 'SV', 1, '2023-04-11 13:02:23', '2023-04-11 13:02:23', NULL),
(205, '', 'SV', 1, '2023-04-11 13:02:23', '2023-04-11 13:02:23', NULL),
(206, '', 'SV', 1, '2023-04-11 13:02:23', '2023-04-11 13:02:23', NULL),
(207, '', 'SV', 1, '2023-04-11 13:02:23', '2023-04-11 13:02:23', NULL),
(208, '', 'SV', 1, '2023-04-11 13:02:23', '2023-04-11 13:02:23', NULL),
(209, '', 'SV', 1, '2023-04-11 13:02:23', '2023-04-11 13:02:23', NULL),
(210, '', 'SV', 1, '2023-04-11 13:02:23', '2023-04-11 13:02:23', NULL),
(211, '', 'SV', 1, '2023-04-11 13:02:23', '2023-04-11 13:02:23', NULL),
(212, '', 'SV', 1, '2023-04-11 13:02:23', '2023-04-11 13:02:23', NULL),
(213, '', 'SV', 1, '2023-04-11 13:02:23', '2023-04-11 13:02:23', NULL),
(214, '', 'SV', 1, '2023-04-11 13:02:23', '2023-04-11 13:02:23', NULL),
(215, '', 'SV', 1, '2023-04-11 13:02:23', '2023-04-11 13:02:23', NULL),
(216, '', 'SV', 1, '2023-04-11 13:02:23', '2023-04-11 13:02:23', NULL),
(217, '', 'SV', 1, '2023-04-11 13:02:23', '2023-04-11 13:02:23', NULL),
(218, '', 'SV', 1, '2023-04-11 13:02:23', '2023-04-11 13:02:23', NULL),
(219, '', 'SV', 1, '2023-04-11 13:02:23', '2023-04-11 13:02:23', NULL),
(220, '', 'SV', 1, '2023-04-11 13:02:23', '2023-04-11 13:02:23', NULL),
(221, '', 'SV', 1, '2023-04-11 13:02:23', '2023-04-11 13:02:23', NULL),
(222, '', 'SV', 1, '2023-04-11 13:02:23', '2023-04-11 13:02:23', NULL),
(223, '', 'SV', 1, '2023-04-11 13:02:23', '2023-04-11 13:02:23', NULL),
(224, '', 'SV', 1, '2023-04-11 13:02:23', '2023-04-11 13:02:23', NULL),
(225, '', 'SV', 1, '2023-04-11 13:02:23', '2023-04-11 13:02:23', NULL),
(226, '', 'SV', 1, '2023-04-11 13:02:23', '2023-04-11 13:02:23', NULL),
(227, '', 'SV', 1, '2023-04-11 13:02:23', '2023-04-11 13:02:23', NULL),
(228, '', 'SV', 1, '2023-04-11 13:02:23', '2023-04-11 13:02:23', NULL),
(229, '$2a$10$SJ3qzAXATPiZObNLhVgWreMmyah5MbV/e0C8OAzgkP3hfKh93h4EG', 'SV', 1, '2023-04-11 13:02:23', '2023-04-11 13:02:23', NULL),
(230, '', 'SV', 1, '2023-04-11 13:02:23', '2023-04-11 13:02:23', NULL),
(231, '', 'SV', 1, '2023-04-11 13:02:23', '2023-04-11 13:02:23', NULL),
(232, '', 'SV', 1, '2023-04-11 13:02:23', '2023-04-11 13:02:23', NULL),
(233, '', 'SV', 1, '2023-04-11 13:02:23', '2023-04-11 13:02:23', NULL),
(234, '', 'SV', 1, '2023-04-11 13:02:23', '2023-04-11 13:02:23', NULL),
(235, '', 'SV', 1, '2023-04-11 13:02:23', '2023-04-11 13:02:23', NULL),
(236, '', 'SV', 1, '2023-04-11 13:02:23', '2023-04-11 13:02:23', NULL),
(237, '', 'SV', 1, '2023-04-11 13:02:23', '2023-04-11 13:02:23', NULL),
(238, '', 'SV', 1, '2023-04-11 13:02:23', '2023-04-11 13:02:23', NULL),
(239, '', 'SV', 1, '2023-04-11 13:02:23', '2023-04-11 13:02:23', NULL),
(240, '', 'SV', 1, '2023-04-11 13:02:23', '2023-04-11 13:02:23', NULL),
(241, '', 'SV', 1, '2023-04-11 13:07:05', '2023-04-11 13:07:05', NULL),
(242, '', 'SV', 1, '2023-04-11 13:07:05', '2023-04-11 13:07:05', NULL),
(243, '', 'SV', 1, '2023-04-11 13:07:05', '2023-04-11 13:07:05', NULL),
(244, '', 'SV', 1, '2023-04-11 13:07:05', '2023-04-11 13:07:05', NULL),
(245, '', 'SV', 1, '2023-04-11 13:07:05', '2023-04-11 13:07:05', NULL),
(246, '', 'SV', 1, '2023-04-11 13:07:05', '2023-04-11 13:07:05', NULL),
(247, '', 'SV', 1, '2023-04-11 13:07:05', '2023-04-11 13:07:05', NULL),
(248, '', 'SV', 1, '2023-04-11 13:07:05', '2023-04-11 13:07:05', NULL),
(249, '', 'SV', 1, '2023-04-11 13:07:05', '2023-04-11 13:07:05', NULL),
(250, '', 'SV', 1, '2023-04-11 13:07:05', '2023-04-11 13:07:05', NULL),
(251, '', 'SV', 1, '2023-04-11 13:07:05', '2023-04-11 13:07:05', NULL),
(252, '', 'SV', 1, '2023-04-11 13:07:05', '2023-04-11 13:07:05', NULL),
(253, '', 'SV', 1, '2023-04-11 13:07:05', '2023-04-11 13:07:05', NULL),
(254, '', 'SV', 1, '2023-04-11 13:07:05', '2023-04-11 13:07:05', NULL),
(255, '', 'SV', 1, '2023-04-11 13:07:05', '2023-04-11 13:07:05', NULL),
(256, '', 'SV', 1, '2023-04-11 13:07:05', '2023-04-11 13:07:05', NULL),
(257, '', 'SV', 1, '2023-04-11 13:07:05', '2023-04-11 13:07:05', NULL),
(258, '', 'SV', 1, '2023-04-11 13:07:05', '2023-04-11 13:07:05', NULL),
(259, '', 'SV', 1, '2023-04-11 13:07:05', '2023-04-11 13:07:05', NULL),
(260, '', 'SV', 1, '2023-04-11 13:07:05', '2023-04-11 13:07:05', NULL),
(261, '', 'SV', 1, '2023-04-11 13:07:05', '2023-04-11 13:07:05', NULL),
(262, '', 'SV', 1, '2023-04-11 13:07:05', '2023-04-11 13:07:05', NULL),
(263, '', 'SV', 1, '2023-04-11 13:07:05', '2023-04-11 13:07:05', NULL),
(264, '', 'SV', 1, '2023-04-11 13:07:05', '2023-04-11 13:07:05', NULL),
(265, '', 'SV', 1, '2023-04-11 13:07:05', '2023-04-11 13:07:05', NULL),
(266, '', 'SV', 1, '2023-04-11 13:07:05', '2023-04-11 13:07:05', NULL),
(267, '', 'SV', 1, '2023-04-11 13:07:05', '2023-04-11 13:07:05', NULL),
(268, '', 'SV', 1, '2023-04-11 13:07:05', '2023-04-11 13:07:05', NULL),
(269, '', 'SV', 1, '2023-04-11 13:07:05', '2023-04-11 13:07:05', NULL),
(270, '', 'SV', 1, '2023-04-11 13:07:05', '2023-04-11 13:07:05', NULL),
(271, '', 'SV', 1, '2023-04-11 13:07:05', '2023-04-11 13:07:05', NULL),
(272, '', 'SV', 1, '2023-04-11 13:07:05', '2023-04-11 13:07:05', NULL),
(273, '', 'SV', 1, '2023-04-11 13:07:05', '2023-04-11 13:07:05', NULL),
(274, '', 'SV', 1, '2023-04-11 13:07:05', '2023-04-11 13:07:05', NULL),
(275, '', 'SV', 1, '2023-04-11 13:07:05', '2023-04-11 13:07:05', NULL),
(276, '', 'SV', 1, '2023-04-11 13:07:05', '2023-04-11 13:07:05', NULL),
(277, '', 'SV', 1, '2023-04-11 13:07:05', '2023-04-11 13:07:05', NULL),
(278, '', 'SV', 1, '2023-04-11 13:07:05', '2023-04-11 13:07:05', NULL),
(279, '', 'SV', 1, '2023-04-11 13:07:05', '2023-04-11 13:07:05', NULL),
(280, '', 'SV', 1, '2023-04-11 13:07:05', '2023-04-11 13:07:05', NULL),
(281, '', 'SV', 1, '2023-04-11 13:07:05', '2023-04-11 13:07:05', NULL),
(282, '', 'SV', 1, '2023-04-11 13:07:05', '2023-04-11 13:07:05', NULL),
(283, '', 'SV', 1, '2023-04-11 13:07:05', '2023-04-11 13:07:05', NULL),
(284, '', 'SV', 1, '2023-04-11 13:07:05', '2023-04-11 13:07:05', NULL),
(285, '', 'SV', 1, '2023-04-11 13:07:05', '2023-04-11 13:07:05', NULL),
(286, '', 'SV', 1, '2023-04-11 13:07:05', '2023-04-11 13:07:05', NULL),
(287, '', 'SV', 1, '2023-04-11 13:07:05', '2023-04-11 13:07:05', NULL),
(288, '', 'SV', 1, '2023-04-11 13:07:05', '2023-04-11 13:07:05', NULL),
(289, '', 'SV', 1, '2023-04-11 13:07:05', '2023-04-11 13:07:05', NULL),
(290, '', 'SV', 1, '2023-04-11 13:07:05', '2023-04-11 13:07:05', NULL),
(291, '', 'SV', 1, '2023-04-11 13:07:05', '2023-04-11 13:07:05', NULL),
(292, '', 'SV', 1, '2023-04-11 13:07:05', '2023-04-11 13:07:05', NULL),
(293, '', 'SV', 1, '2023-04-11 13:07:05', '2023-04-11 13:07:05', NULL),
(294, '', 'SV', 1, '2023-04-11 13:07:05', '2023-04-11 13:07:05', NULL),
(295, '$2a$10$myJODHOOmIVEf5dCYohwJevhGBRDEahG11RRxfwFtgECzppyC8PLW', 'SV', 1, '2023-04-14 11:49:27', '2023-04-14 11:49:27', NULL),
(296, '$2a$10$cJYBG6MaVPyZfrn9l1vWOOXWTo.N1gZ0tKyeb2EWq3gP9i4dUMnqC', 'SV', 1, '2023-04-14 11:49:27', '2023-04-14 11:49:27', NULL),
(297, '$2a$10$35fXW/fA8G8qXw6oNSCd0OoPzG1FQ8b6CSsJQkU960vIdx7QHpAoK', 'SV', 1, '2023-04-14 11:49:27', '2023-04-14 11:49:27', NULL),
(298, '$2a$10$8a8rDkSVItAObTrxNg5zXeq5NII7L7C82Q4O4OXeWgIPkGMw.HlBK', 'SV', 1, '2023-04-14 11:49:27', '2023-04-14 11:49:27', NULL),
(299, '$2a$10$hRDqewIyLvzyZh.6dZYE1.QXV5eleRiK3R9nzYgSvhGhI7fKMuExi', 'SV', 1, '2023-04-14 11:49:27', '2023-04-14 11:49:27', NULL),
(300, '$2a$10$/uBNuobowGFUvjzDx7TAzeBfCWJQYut1Syu0//xEu6/9X9vIBambC', 'SV', 1, '2023-04-14 11:49:27', '2023-04-14 11:49:27', NULL),
(301, '$2a$10$4ft0BiEqxwSTGK5/fps9xO7oP9cwICEnUxikZlIhMAKJe8QDEnhDi', 'SV', 1, '2023-04-14 11:49:27', '2023-04-14 11:49:27', NULL),
(302, '$2a$10$l08Rr4BPspOawr5hN1DKNeq3XdOgJs3IGTQep.aVGV5mVKpUVaQrG', 'SV', 1, '2023-04-14 11:49:27', '2023-04-14 11:49:27', NULL),
(303, '$2a$10$AwpG6lChkJ0Yhu3//3F/DO3kA4CvAjk119AN6Oy9bXq/VPMUp0Tr6', 'SV', 1, '2023-04-14 11:49:27', '2023-04-14 11:49:27', NULL),
(304, '$2a$10$gUye99XQ64kITCbHFxIAm.ydEq/y8OKwqDcg2/w724WhDb/XKxX5K', 'SV', 1, '2023-04-14 11:49:27', '2023-04-14 11:49:27', NULL),
(305, '$2a$10$Dulw1f8MiP8w/FH2gvffmOZdqeP1Ji86sPpXz1o7YiGtVc3A0QK5C', 'SV', 1, '2023-04-14 11:49:27', '2023-04-14 11:49:27', NULL),
(306, '$2a$10$9UNuMSfoPLOiTRDqVvG.4e15VST7/yEyTrtYlnxjHCNH8oHQeHXfq', 'SV', 1, '2023-04-14 11:49:27', '2023-04-14 11:49:27', NULL),
(307, '$2a$10$5Kbr5s6PRIzigI0YP4wdvu78CfPHpUc.tcnOXdfwCPJ.CJoAIsj0u', 'SV', 1, '2023-04-14 11:49:27', '2023-04-14 11:49:27', NULL),
(308, '$2a$10$lL4i9/2hHGHmdl1j9OXWzuBNr556FuEuruFM1F0L9Ems/GKiudBpS', 'SV', 1, '2023-04-14 11:49:27', '2023-04-14 11:49:27', NULL),
(309, '$2a$10$MgQ5lDmvDCkkOVmFMvbPzeezXxldN9Q0qulvh6YpL0ZNZqxi.euz6', 'SV', 1, '2023-04-14 11:49:27', '2023-04-14 11:49:27', NULL),
(310, '$2a$10$hjXDx0Gl9PVUSqytpGFAVOWoQWhJDIbpHdby/bM.7EtWnmG11hVfe', 'SV', 1, '2023-04-14 11:49:27', '2023-04-14 11:49:27', NULL),
(311, '$2a$10$Awr.6CDtSymDjuC2LSywC.dSdU867gY63.nAX4fkq/1N/JQfPXCn6', 'SV', 1, '2023-04-14 11:49:27', '2023-04-14 11:49:27', NULL),
(312, '$2a$10$nnXxAwDTNjeK.N4Y4MS6NOo.MkxbKUZmkpjRVN8v/cLf2nxs.4f/a', 'SV', 1, '2023-04-14 11:49:27', '2023-04-14 11:49:27', NULL),
(313, '$2a$10$HZHHscpbLLgzPVfz73c0Ae77tAnamdYfncSezxhUuimytparfG0cG', 'SV', 1, '2023-04-14 11:49:27', '2023-04-14 11:49:27', NULL),
(314, '$2a$10$nCQVroiHQxip67f120a0.uBBHdZelIt0xTcZwAhiJjd5pgd6WDLAq', 'SV', 1, '2023-04-14 11:49:27', '2023-04-14 11:49:27', NULL),
(315, '$2a$10$qejvlYXfYxqXpo2YyaIuC.B921EyeFE2ej5W.lMRpK3b08KAa67pe', 'SV', 1, '2023-04-14 11:49:27', '2023-04-14 11:49:27', NULL),
(316, '$2a$10$HyEETnUqJLBxxImC3C8tI.JsHgDTpxuFiczn7oZ85M18Y5zxyOYDa', 'SV', 1, '2023-04-14 11:49:27', '2023-04-14 11:49:27', NULL),
(317, '$2a$10$o2GEQjJfThYga1IPBsHxJOxiV50WDz0qykZtniqeBSUAE.mFBcd/K', 'SV', 1, '2023-04-14 11:49:27', '2023-04-14 11:49:27', NULL),
(318, '$2a$10$ZopwmQfvq50bp8Gx7Nf6CO6FJiULMHcKP/DtbS1khrovwdg3cHipm', 'SV', 1, '2023-04-14 11:49:27', '2023-04-14 11:49:27', NULL),
(319, '$2a$10$rgBjrdA1MKIGUhxTEftaquPxOF98AvAlDEBkA7FXAE0.rBCGx/PCq', 'SV', 1, '2023-04-14 11:49:27', '2023-04-14 11:49:27', NULL),
(320, '$2a$10$k1V2UVwSnxz3GH6h5fc11OXdITcZOw8HgZSDWHMCSalxmRbvUxTTK', 'SV', 1, '2023-04-14 11:49:27', '2023-04-14 11:49:27', NULL),
(321, '$2a$10$s1HFFLGTdwfRCt4drmg.UOp.ulU0o7QnXdGHnXJ/O6km.cuXI4kRO', 'SV', 1, '2023-04-14 11:49:27', '2023-04-14 11:49:27', NULL),
(322, '$2a$10$fp/90TiqC9YG3fJ0zpbLNeIks/plcKqhaFdGz0UgdmqP9Sjuui5Z2', 'SV', 1, '2023-04-14 11:49:27', '2023-04-14 11:49:27', NULL),
(323, '$2a$10$rTEATP78XE8ijiMFI4umc.0IU2fgq7JeeRAG9jQCfku.ueHyuhmW6', 'SV', 1, '2023-04-14 11:49:27', '2023-04-14 11:49:27', NULL),
(324, '$2a$10$7V0m5RzPJ8D4pR0tg4vsBeuXGrSqgRwKdYLn2Gf90SJhkzIgt66xy', 'SV', 1, '2023-04-14 11:49:27', '2023-04-14 11:49:27', NULL),
(325, '$2a$10$zr5xb/EWXOpO.D54g45mXOwlHsyO5G2ODLNvxY58l1MKog4WSpI56', 'SV', 1, '2023-04-14 11:49:27', '2023-04-14 11:49:27', NULL),
(326, '$2a$10$eCSxBdjzHPSBk13/lp9GsOkgxFWwRM269rbMI9vXCBu6o8XSaUP2a', 'SV', 1, '2023-04-14 11:49:27', '2023-04-14 11:49:27', NULL),
(327, '$2a$10$rVwd3GJbHzTBCC7Ik48j9.JuOd7nGc7EArPEKpmMwTYav6xcJOtK6', 'SV', 1, '2023-04-14 11:49:27', '2023-04-14 11:49:27', NULL),
(328, '$2a$10$ZiD0CGI/sMTxydyWYs6M9Od97UdvH79JyRwPZDw2JuCvtljC6yEB.', 'SV', 1, '2023-04-14 11:49:27', '2023-04-14 11:49:27', NULL),
(329, '$2a$10$vcAM31HDf4fOBqyHkNVPyeAeJbSXU/vVPrQzBwjEwY.wBj7E4VN/u', 'SV', 1, '2023-04-14 11:49:27', '2023-04-14 11:49:27', NULL),
(330, '$2a$10$QRSIN766zFzgivZDyjn/xugpTlArx83MK8.79v9AqSU1e6uYLD79O', 'SV', 1, '2023-04-14 11:49:27', '2023-04-14 11:49:27', NULL),
(331, '$2a$10$NTBHh5t9YJ.Ydz6la6qD5u7qghAPYy9AAhPFtnGxWrCjdof/20N7m', 'SV', 1, '2023-04-14 11:49:27', '2023-04-14 11:49:27', NULL),
(332, '$2a$10$U/1AwhjY/sJaeN7UYiIk.eluMwoJpTUBy7jZ.uyvO0BaK0VZoCXYq', 'SV', 1, '2023-04-14 11:49:27', '2023-04-14 11:49:27', NULL),
(333, '$2a$10$TrGbXXSTpVkgKDu255WWZudyPi6nr336drnFPCY2MttWkdX7z.XCm', 'SV', 1, '2023-04-14 11:49:27', '2023-04-14 11:49:27', NULL),
(334, '$2a$10$T6fDLFUzexKh8Yb8XjHfhu5iWeJ3JfDFIze7NqMLMnqN0ZdV.kjn2', 'SV', 1, '2023-04-14 11:49:27', '2023-04-14 11:49:27', NULL),
(335, '$2a$10$JMCo76PyNFgbhT5BvFEGs.brxuqNphS5Bcn.8fsViSfFtu0uGv32a', 'SV', 1, '2023-04-14 11:49:27', '2023-04-14 11:49:27', NULL),
(336, '$2a$10$6Wb/.cYDWRhP0B/d7/QJ5etT3GL/A7475vEqpl7Q4Gsad8D36yOJm', 'SV', 1, '2023-04-14 11:49:27', '2023-04-14 11:49:27', NULL),
(337, '$2a$10$SlQatircgkke8FWSnEL8BOUqUt.wjYEqVN4lxTpWJCFDHqi2nwjau', 'SV', 1, '2023-04-14 11:49:27', '2023-04-14 11:49:27', NULL),
(338, '$2a$10$EqXUDj8CDxQVkw.cizoF5uvk8KubHNvzhlhaZ8hnpCC2K0CzlEYu.', 'SV', 1, '2023-04-14 11:49:27', '2023-04-14 11:49:27', NULL),
(339, '$2a$10$kqN/ZQIVBrvxRZlG9jjPieser8tsWjm.cNinFSkxal1Ubn.K3G0Pu', 'SV', 1, '2023-04-14 11:49:27', '2023-04-14 11:49:27', NULL),
(340, '$2a$10$/XTHUlwTryMg12P47CGu5upaLlhnsAKe2uNE8CQIFVGwZG9j1c0yS', 'SV', 1, '2023-04-14 11:49:27', '2023-04-14 11:49:27', NULL),
(341, '$2a$10$osFMjEE/l1SpVJXbgwMX6.xZDUj7kzSXUV8nNj.yR70ZW1krxI2kW', 'SV', 1, '2023-04-14 11:49:27', '2023-04-14 11:49:27', NULL),
(342, '$2a$10$7FP/nxP78qQS0R1QYZSbGO1OyB4GgZfYnACjk60A.M6FMOspxeje2', 'SV', 1, '2023-04-14 11:49:27', '2023-04-14 11:49:27', NULL),
(343, '$2a$10$BAcixdO9ZvQBaS3aYl2PaeJ/KBOSOHEO521Fl5mvOnCJzDDqTQRnG', 'SV', 1, '2023-04-14 11:49:27', '2023-04-14 11:49:27', NULL),
(344, '$2a$10$TjpMGH5UERqaw4ZKG6nc9OtCYJXhRk9H28VLk03ik8J5gAiHso8tO', 'SV', 1, '2023-04-14 11:49:27', '2023-04-14 11:49:27', NULL),
(345, '$2a$10$9T08EKB3ylKRgimibd51pugEiJnnFH7iB4o1uSjb4k4D1kkz2Al8q', 'SV', 1, '2023-04-14 11:49:27', '2023-04-14 11:49:27', NULL),
(346, '$2a$10$t/bn8cGhSs0iuZP1YfIO3uzDC6KSnJplzV7f.rm90vQL.Y6KctRx6', 'SV', 1, '2023-04-14 11:49:27', '2023-04-14 11:49:27', NULL),
(347, '$2a$10$ovb8GDU76yffOqJe79wyN.3YXOb0ezJNUrbwks9g4MzXlflqLpRgu', 'SV', 1, '2023-04-14 11:49:27', '2023-04-14 11:49:27', NULL),
(348, '$2a$10$L8NRzseY5ReKWRvHIwPSV.VoqSvdXsTPgUPZEiTllRyiTF5m424Gy', 'SV', 1, '2023-04-14 11:49:27', '2023-04-14 11:49:27', NULL),
(349, '$2a$10$I6VGgECHnhngAS1pIRVBf.mdG6bMC5pTnjgTLEfpGlifkysnTohl.', 'SV', 1, '2023-04-14 11:53:59', '2023-04-14 11:53:59', NULL),
(350, '$2a$10$lm3skYStabaWa633PEMW.ODIJVUAOwdXG8cys9O.a0atBLTQpxW7O', 'SV', 1, '2023-04-14 11:53:59', '2023-04-14 11:53:59', NULL),
(351, '$2a$10$QaxILSrzsUxoYG3yprzJpOhOfsggdxqcsAfh.rITJWmQcVFXell/i', 'SV', 1, '2023-04-14 11:53:59', '2023-04-14 11:53:59', NULL),
(352, '$2a$10$AFftYZunHcLjVp0MWWCS6.qVdhpu9emx3v2tOv3lfOdXwVnKC4OYO', 'SV', 1, '2023-04-14 11:53:59', '2023-04-14 11:53:59', NULL),
(353, '$2a$10$1.rndF23TKo9DIDdJWWSU.3oEs/CYVghI1cwwehrbspl1aGy2aoT2', 'SV', 1, '2023-04-14 11:53:59', '2023-04-14 11:53:59', NULL),
(354, '$2a$10$AR0MhkAo6ZhmCL9i8D.NjeYh.WT5xVO77Fyo1XDGCY4hE77IbrsAa', 'SV', 1, '2023-04-14 11:53:59', '2023-04-14 11:53:59', NULL),
(355, '$2a$10$xi5acXHUFBcFF6fMg1uS.OQ.UPiiX70nTnrpyccQPM9GHwKGEoD.y', 'SV', 1, '2023-04-14 11:53:59', '2023-04-14 11:53:59', NULL),
(356, '$2a$10$zTPJ2SGFeJ3IeKgnz/sofemdL75zKx1gDbWhkiUg/72muL4IIcYzO', 'SV', 1, '2023-04-14 11:53:59', '2023-04-14 11:53:59', NULL),
(357, '$2a$10$E4D/WL66dKb7ok1XLtFR1O8hp6Cv.sH3fTe1sKHKopkCY/TzFyNI6', 'SV', 1, '2023-04-14 11:53:59', '2023-04-14 11:53:59', NULL),
(358, '$2a$10$XJu0unYad7AiKSLqEC6zuOm8u5wYt1xFz7RNkbIKgtRbpLQGK.pXi', 'SV', 1, '2023-04-14 11:53:59', '2023-04-14 11:53:59', NULL),
(359, '$2a$10$.56OwRKWP1EpuNOzSfCYVOg4bbL8p/6b52AOD2mj8e23gbSS8ctXy', 'SV', 1, '2023-04-14 11:53:59', '2023-04-14 11:53:59', NULL),
(360, '$2a$10$MRra/Z2LuOJ01OGzMw8ma.sT9mE7kN3spiehRwzwuwUmpkqUQR3SS', 'SV', 1, '2023-04-14 11:53:59', '2023-04-14 11:53:59', NULL),
(361, '$2a$10$slI/WmrOw2RFFJcccdc1IuBIZngaDhpBJ75urtKLgt/WkZMWHZSau', 'SV', 1, '2023-04-14 11:53:59', '2023-04-14 11:53:59', NULL),
(362, '$2a$10$2qoqPa2f/tqhZgLKyO22U.4hqBjbwzD5suW9uV8fAOqPqou.coiDK', 'SV', 1, '2023-04-14 11:53:59', '2023-04-14 11:53:59', NULL),
(363, '$2a$10$6Qj8aEzgo98IUJicm4FMOep1a89qF3pj0PYT01DQb7XvRN5CeD6dm', 'SV', 1, '2023-04-14 11:53:59', '2023-04-14 11:53:59', NULL),
(364, '$2a$10$8LS70fnP1YRHyaZtvpanUOt5mbQq4fJQKdqhN.2Pz5ML9YPFI.9TG', 'SV', 1, '2023-04-14 11:54:00', '2023-04-14 11:54:00', NULL),
(365, '$2a$10$oy2YbiItWwZY.v27DTxpgeFPdg.XFXeN6.ahNtHUZoY9B6jHKWWNK', 'SV', 1, '2023-04-14 11:53:59', '2023-04-14 11:53:59', NULL),
(366, '$2a$10$.XzIe78NNRkU/sG43r3k1eQBlSumHHdlJ1q.9pX0tZqN5kd9tkZ8q', 'SV', 1, '2023-04-14 11:54:00', '2023-04-14 11:54:00', NULL),
(367, '$2a$10$bEkWdio/OKH2TVqg.8OwD.mYZRmxLZd35wVXHGPfWrkdwa.rJ6BQG', 'SV', 1, '2023-04-14 11:54:00', '2023-04-14 11:54:00', NULL),
(368, '$2a$10$hEFCSkn1h9asmwgYLiEQ9.yxXxLheeXKCzUO35b0q7jgJHMS1bgUG', 'SV', 1, '2023-04-14 11:54:00', '2023-04-14 11:54:00', NULL),
(369, '$2a$10$eSrApUzFtstwZTgwxM1fDuTjaOs2zQXDn8EuBZOUnX6W5a8eK/a9q', 'SV', 1, '2023-04-14 11:54:00', '2023-04-14 11:54:00', NULL),
(370, '$2a$10$9cV/4BQ20QGQrGctNypP0ulusd.N3N2eN0cVrRtsizTUfqz9XWIZu', 'SV', 1, '2023-04-14 11:54:00', '2023-04-14 11:54:00', NULL),
(371, '$2a$10$4Rlt4jz5bTQrSZPKK9.TIO6/hRtypYSNq2mAwgdiDnkVQ0AjBEVRC', 'SV', 1, '2023-04-14 11:54:00', '2023-04-14 11:54:00', NULL),
(372, '$2a$10$VzGBkGRDNn7y8sP3ti.RqOoq.Mfc6sNSNRmcc6c3EDHR7tFDWZiBS', 'SV', 1, '2023-04-14 11:54:00', '2023-04-14 11:54:00', NULL),
(373, '$2a$10$42oCnbYg6dsMl0MHWpmLreDWUnEsFalzUsvLTx5fkvaYGXOfsqGBy', 'SV', 1, '2023-04-14 11:54:00', '2023-04-14 11:54:00', NULL),
(374, '$2a$10$SQXi4YkBPt7hd3FBw8NYHOReY7QgImRXLDF8.75KPxRHQNulvdPjW', 'SV', 1, '2023-04-14 11:54:00', '2023-04-14 11:54:00', NULL),
(375, '$2a$10$W0Fa2mTMt8JVu9eD.o1XOuAmlbiBSAiJnEdQfTrAK2LA/sLV5.N9y', 'SV', 1, '2023-04-14 11:54:00', '2023-04-14 11:54:00', NULL),
(376, '$2a$10$I6CFAItpxqThv8DExGSZRe7UiuoNLVMblYlTWeZIe.8ESJMfwiHsi', 'SV', 1, '2023-04-14 11:54:00', '2023-04-14 11:54:00', NULL),
(377, '$2a$10$OAlJSN0LeTUDkYklhzlmu.P1xBPxkOGPN1Jd6ALglPPBUHSLlGvVW', 'SV', 1, '2023-04-14 11:54:00', '2023-04-14 11:54:00', NULL),
(378, '$2a$10$xwGJAKfA7lbNhwkMRZsSgOl1PN7pnhNhLUQCcOyBQh51MNX9xXogK', 'SV', 1, '2023-04-14 11:54:00', '2023-04-14 11:54:00', NULL),
(379, '$2a$10$.Plkl5tWivjDrahTs/qtFuATVz/jlLImRqV0bfEDNd69KxkhAb9Vq', 'SV', 1, '2023-04-14 11:54:00', '2023-04-14 11:54:00', NULL),
(380, '$2a$10$YYwkkKmOLcKEfcx5h.iSg.cmqiWAEMur7XEF8ClroPDvw4zDAnww6', 'SV', 1, '2023-04-14 11:54:00', '2023-04-14 11:54:00', NULL),
(381, '$2a$10$DmYj661y0FGHaxtZY5y5uOkxEN/VBbnkcASHlXKTbErnkavIW19Au', 'SV', 1, '2023-04-14 11:54:00', '2023-04-14 11:54:00', NULL),
(382, '$2a$10$lSuO6zfIqBprCacmjxRJZuZtN/2E0NzCUesgGMSTGmrp.W7DFTCCW', 'SV', 1, '2023-04-14 11:54:00', '2023-04-14 11:54:00', NULL),
(383, '$2a$10$jJi1Ev3SEbCSo5wFFUaBnuQ7TIDyabZF8zXo1jD/hYLQHEzysgx1y', 'SV', 1, '2023-04-14 11:54:00', '2023-04-14 11:54:00', NULL),
(384, '$2a$10$Iu5vBiTzeT/17II0PrFx/.lDyo6v6UDKZE/AzSjYJlSVOQ3aVONPy', 'SV', 1, '2023-04-14 11:54:00', '2023-04-14 11:54:00', NULL),
(385, '$2a$10$hvuQx69wlM2uIVwDcXYAbeaCFeKZ5Vl7Vx.bjLBsGQEG4WL2M.Xo.', 'SV', 1, '2023-04-14 11:54:00', '2023-04-14 11:54:00', NULL),
(386, '$2a$10$/.OF3gcg3k9N/Rvrw5nXQeVP871/rSsN3cuLuj6BW.BhMyASF1Doi', 'SV', 1, '2023-04-14 11:54:00', '2023-04-14 11:54:00', NULL),
(387, '$2a$10$Y8KsfCfC.Fmh//4a.D.dx.pg9zHHgp.qQp4CVUiFSTvs/WdeHwj1S', 'SV', 1, '2023-04-14 11:54:00', '2023-04-14 11:54:00', NULL),
(388, '$2a$10$UtfPu/iWMW5bpL/qWoO68eA6j4lka2LEFbKZ4ibg9ExWs003cBMXS', 'SV', 1, '2023-04-14 11:54:00', '2023-04-14 11:54:00', NULL),
(389, '$2a$10$WxhA/51Fk2AcbsGHw3Yvs.wfGTFwETWGKlc.Jz9wmgrCkx3gyx2c.', 'SV', 1, '2023-04-14 11:54:00', '2023-04-14 11:54:00', NULL),
(390, '$2a$10$KLc98npOW3lWsZXG6evoSucIwZVw0BF9jdsISz3Z0s/sr0BLe7r4m', 'SV', 1, '2023-04-14 11:54:00', '2023-04-14 11:54:00', NULL),
(391, '$2a$10$YUsNq8UTg23Rvt/EWOvk3ebzQjSnnPiGEzhR4UHdN/I.S0Vw2VzmC', 'SV', 1, '2023-04-14 11:54:00', '2023-04-14 11:54:00', NULL),
(392, '$2a$10$F13iz7rHjjiFZ4yNS5poKOgkhwXQVCXaHAHhbC6uj09gmy9.ZCw1e', 'SV', 1, '2023-04-14 11:54:00', '2023-04-14 11:54:00', NULL),
(393, '$2a$10$b7lROxtr2CRU0RDf7WwyKuIzYOr1OUfJeEOCatUcen7PKVvtdXKyK', 'SV', 1, '2023-04-14 11:54:00', '2023-04-14 11:54:00', NULL),
(394, '$2a$10$Zo86V0YT8VROTMwUOQmrAOvRSz2rcFW7wFNR2uESbQSI0Cmz42O9y', 'SV', 1, '2023-04-14 11:54:00', '2023-04-14 11:54:00', NULL),
(395, '$2a$10$1RSyHqfqGS6g1tl0O6Ny/ur6PzN9f6F0FXGpVjVN0PDgtDl/ihqfi', 'SV', 1, '2023-04-14 11:54:00', '2023-04-14 11:54:00', NULL),
(396, '$2a$10$/zM8HNsBg4xQe9QqU2bo/.rBvXzuE35NwtwiyK.u/lET3scAW.Wcu', 'SV', 1, '2023-04-14 11:54:00', '2023-04-14 11:54:00', NULL),
(397, '$2a$10$tjdH63/GaQGw9KyfaSJwdOwTqelPLlALQxSezEdlw2054WaOeI1la', 'SV', 1, '2023-04-14 11:54:00', '2023-04-14 11:54:00', NULL),
(398, '$2a$10$XMmp9VGm5vlc3AxOVxa1W.6wWiH3ScZl8LcJMyqfbP3lZvi/7IK0K', 'SV', 1, '2023-04-14 11:54:00', '2023-04-14 11:54:00', NULL),
(399, '$2a$10$/orEtK0ttKki0pOG/M2kQ.7iHuzvSj5D5qpL9.Mg/XsMdGPEdLGTW', 'SV', 1, '2023-04-14 11:54:00', '2023-04-14 11:54:00', NULL),
(400, '$2a$10$/o5BiGA8LAQjvux8u8NUvuQVPGsHheb6FoixiN2aM.gL0ke7hibmm', 'SV', 1, '2023-04-14 11:54:00', '2023-04-14 11:54:00', NULL),
(401, '$2a$10$85ks2S9XuJtILENHXOQYGeYoN9yIMbkI4WoUHZetRXvuj/dMr6B7C', 'SV', 1, '2023-04-14 11:54:00', '2023-04-14 11:54:00', NULL),
(402, '$2a$10$05O9K965JJTp6TnVydSuJ.35VK7JDOisjmip0Xj2QXbFA652Rrinq', 'SV', 1, '2023-04-14 11:54:00', '2023-04-14 11:54:00', NULL),
(403, '$2a$10$vd7s9.PDQwPEMtyunPdEze9b3fr3jbSdXzzgUcgoMEAKqnNCwUtPS', 'SV', 1, '2023-04-14 11:56:18', '2023-04-14 11:56:18', NULL),
(404, '$2a$10$kt/xFZKkyZxmfQQVpA7uYO79TTPkzQ5nxnC3l9D09QC7yJDIdKo66', 'SV', 1, '2023-04-14 11:56:18', '2023-04-14 11:56:18', NULL),
(405, '$2a$10$AfBEzO370Kk1LLdAsuHjpeHW9vefb2jFN6WBJh9ruI79OFN2lyN6C', 'SV', 1, '2023-04-14 11:56:18', '2023-04-14 11:56:18', NULL),
(406, '$2a$10$ftqJbZUF26E5EbjgLwGHz.0qQotmU/a9nzOd7ka4Gw7pnWSYlAtPW', 'SV', 1, '2023-04-14 11:56:18', '2023-04-14 11:56:18', NULL),
(407, '$2a$10$83YBy9yN1EhTdCVXyeissOJJg1wA6qUftuBz8vWxXtN/0d4ZURA4C', 'SV', 1, '2023-04-14 11:56:18', '2023-04-14 11:56:18', NULL),
(408, '$2a$10$O41utu6qL3thS255Mi6PiOuKUCIHg11RBwBUVj.SJOWUJl0HwFKnW', 'SV', 1, '2023-04-14 11:56:18', '2023-04-14 11:56:18', NULL),
(409, '$2a$10$R0etYM1XFR1s6cDrjuT1dO.pQvVfsMPfQMtHe.8ZEJhmbiDNcLhje', 'SV', 1, '2023-04-14 11:56:18', '2023-04-14 11:56:18', NULL),
(410, '$2a$10$SxrFx9oCZ/EFr76S4ZXxCeHkLXGUaeeNFWfmY4VK35sOWBWM2FzT2', 'SV', 1, '2023-04-14 11:56:18', '2023-04-14 11:56:18', NULL),
(411, '$2a$10$WMRSFYRaqxJwE6i3DHK6I.FBPp/2b6xi/E.APkmlGGbgqTluPZ9RK', 'SV', 1, '2023-04-14 11:56:18', '2023-04-14 11:56:18', NULL),
(412, '$2a$10$JVbYh31Paa4Cc6jg5.p7U.pLI6fGxiKuYOP9Y2Z.dti/HfpvEMlse', 'SV', 1, '2023-04-14 11:56:19', '2023-04-14 11:56:19', NULL),
(413, '$2a$10$uP8v12zOv7UKVFXpvyj7EOuANHpyGMxngQMnB6zqY64dc7Af34YDW', 'SV', 1, '2023-04-14 11:56:19', '2023-04-14 11:56:19', NULL),
(414, '$2a$10$VWwsUmhKaey0q9UVYsfTYOuLolQiGVEkrkNukgvmGeRx2mV/4RmUS', 'SV', 1, '2023-04-14 11:56:19', '2023-04-14 11:56:19', NULL),
(415, '$2a$10$nScYGZIIWdOgHz16.BDJGuLdXvTX/yxohxlk7Ew99R89iXQYkDcSm', 'SV', 1, '2023-04-14 11:56:19', '2023-04-14 11:56:19', NULL),
(416, '$2a$10$4R72ZfKQL4ErbmkDNYPMKOxNd3uNfQV1Nz15Slk67O4deTm.nA9tW', 'SV', 1, '2023-04-14 11:56:19', '2023-04-14 11:56:19', NULL),
(417, '$2a$10$u2a5kH2L9xnjeOKcoCt0D.mv3/pd/jv5q8rOt9lptOIxRHxXf297u', 'SV', 1, '2023-04-14 11:56:19', '2023-04-14 11:56:19', NULL),
(418, '$2a$10$odNKSFcQSVioyS195QkenuPeV4P4gDbVqjjp6NeJygwaAK9k3GCPq', 'SV', 1, '2023-04-14 11:56:19', '2023-04-14 11:56:19', NULL),
(419, '$2a$10$aMbI.HpR55wCaqqizUbRseOfjiHYGrfJ0TgZQyjfuCKcnTk97u7rG', 'SV', 1, '2023-04-14 11:56:19', '2023-04-14 11:56:19', NULL),
(420, '$2a$10$LnLgsmh3B5boZN.aL5JyROWPhqhfGOYp8bs6psKQMpBRsl39lehHK', 'SV', 1, '2023-04-14 11:56:19', '2023-04-14 11:56:19', NULL),
(421, '$2a$10$qq99NYJHQEGL8Uq.zwv5oOsnD/CMJ1ZPy01MSi6c73jn0wE80s7gG', 'SV', 1, '2023-04-14 11:56:19', '2023-04-14 11:56:19', NULL),
(422, '$2a$10$vAPCiTWHq5MuMo4M6IFww.DWXB/o/pjCRbJXHvAaAJvZ375VP2T2O', 'SV', 1, '2023-04-14 11:56:19', '2023-04-14 11:56:19', NULL),
(423, '$2a$10$4yi4h2aLkX7HupKGYRSvpuGuO9D2aEA.I4Qjvs49nK/95Gucuep6m', 'SV', 1, '2023-04-14 11:56:19', '2023-04-14 11:56:19', NULL),
(424, '$2a$10$72ilhb883p4IrfS3WYSFDel3Jw53BkBfsohGVVzLSuPquGqilj/26', 'SV', 1, '2023-04-14 11:56:19', '2023-04-14 11:56:19', NULL),
(425, '$2a$10$tl0Xvulq/uVeNcWCXm5H4.vX4vg3t7B1he3tdEkleqmLUOA9LcBnO', 'SV', 1, '2023-04-14 11:56:19', '2023-04-14 11:56:19', NULL),
(426, '$2a$10$yhTntym/rcfBk0LagosQf.eIlDp0yyYkazF5ZMejUW61LQ88/esR6', 'SV', 1, '2023-04-14 11:56:19', '2023-04-14 11:56:19', NULL),
(427, '$2a$10$TP1QFGqqdh84n2fu.jW7s.Dc9FFfC7ZxqkTR8snqT4hhh5rxhECYi', 'SV', 1, '2023-04-14 11:56:19', '2023-04-14 11:56:19', NULL),
(428, '$2a$10$Ncz16S8wlhKQcY15q6AUdOvXcXFLimcKaMPfOe/QypMcZNxMvZiqy', 'SV', 1, '2023-04-14 11:56:19', '2023-04-14 11:56:19', NULL),
(429, '$2a$10$RsKi34tcORHv9wIzMjmmDOwMSR40rCgZRXH61evUkWF4BanCTk8UC', 'SV', 1, '2023-04-14 11:56:19', '2023-04-14 11:56:19', NULL),
(430, '$2a$10$Uv2tG/nveR3VXHnmVH8qseKyqiBMkCMhW9h9uuwunLJAXQ35k2Efa', 'SV', 1, '2023-04-14 11:56:19', '2023-04-14 11:56:19', NULL),
(431, '$2a$10$Z15JqAhB3O5csTD5jTaPlOgVt16qASVQueKMMGUJQrYmAt99..gT.', 'SV', 1, '2023-04-14 11:56:19', '2023-04-14 11:56:19', NULL),
(432, '$2a$10$5b./fqCE5vj7.iK.BMJQOu.RgAOseFGhRjqFEfT/IFCM99DC/DCpC', 'SV', 1, '2023-04-14 11:56:19', '2023-04-14 11:56:19', NULL),
(433, '$2a$10$Z029.tm.IN9XvFYGxRp4XO0ZwADmkuvRVJEDkJG9ymH7UfkmY9gNG', 'SV', 1, '2023-04-14 11:56:19', '2023-04-14 11:56:19', NULL),
(434, '$2a$10$IkpMnh2mhFhUhbSisu1j.e1Hs2Z7JU87BP7i82IONwXkgFs2SqMlC', 'SV', 1, '2023-04-14 11:56:19', '2023-04-14 11:56:19', NULL),
(435, '$2a$10$/F5OlQJbURGCv.XkBSPPGOLUdTALwh9PrdGQhHuqszRF9xMp5AvHe', 'SV', 1, '2023-04-14 11:56:19', '2023-04-14 11:56:19', NULL),
(436, '$2a$10$ipnLUs5bXvyVc/cWYS6JL.5RE1QKQ8xqbv822eD/SawaiD5hpklHS', 'SV', 1, '2023-04-14 11:56:19', '2023-04-14 11:56:19', NULL),
(437, '$2a$10$rCdWLNCoi0uH7XSeVRDVx.rs9GXxHHvwG62c4Mflm7uf5OP63heFm', 'SV', 1, '2023-04-14 11:56:19', '2023-04-14 11:56:19', NULL),
(438, '$2a$10$sAHIJQ1YfrD/jSH5elxwBO4CXcUKuCX4ApE7UQEEMXTkOCPp0K6Oa', 'SV', 1, '2023-04-14 11:56:19', '2023-04-14 11:56:19', NULL),
(439, '$2a$10$sfMz9yB/8dI9dH.CfkEv7.AX/eH4JaeWSQBnvx7dTX.qjjVzKaFg2', 'SV', 1, '2023-04-14 11:56:19', '2023-04-14 11:56:19', NULL),
(440, '$2a$10$x1QLx/i0D.RK54Pfmqgc4e8JrV8mLRuofCdnE.dWKcBXX.1uwXd/y', 'SV', 1, '2023-04-14 11:56:19', '2023-04-14 11:56:19', NULL),
(441, '$2a$10$lNlwwRi7nKaH7Z7QkCSATeCgBwhwpy8YYRS7Lb/hjW9o8TS.Radf2', 'SV', 1, '2023-04-14 11:56:19', '2023-04-14 11:56:19', NULL),
(442, '$2a$10$D.LUYjswQgOhYhzdA9qqjOFihHpsrXVtP.dOEnPvCAmTMqlYqz8am', 'SV', 1, '2023-04-14 11:56:19', '2023-04-14 11:56:19', NULL),
(443, '$2a$10$sVjEe9OF47FkQaAM2Nc2ve5nsbDmLta4Nd4Tfp5afOOSZjh5s9vF.', 'SV', 1, '2023-04-14 11:56:19', '2023-04-14 11:56:19', NULL),
(444, '$2a$10$YR.6Sy..UWb5TRtbtiXN4uLqlPIegaa58Afo5MWAd3PUAD9crwZBO', 'SV', 1, '2023-04-14 11:56:19', '2023-04-14 11:56:19', NULL),
(445, '$2a$10$zz3YpHJHygJMEjpAbdS9s.ZsdX5BwBtmEkRZtzq8QFkmgL8EVPOry', 'SV', 1, '2023-04-14 11:56:19', '2023-04-14 11:56:19', NULL),
(446, '$2a$10$wO2v7cphr0u.4r3I1ALna.Wwxmu9ZATMv1iH3YUc2tl7vyBdsoMjy', 'SV', 1, '2023-04-14 11:56:19', '2023-04-14 11:56:19', NULL),
(447, '$2a$10$NYDVj.KpTkIR98E0sW3NQ.BFQRdiKjTb/wg92NJ/IG3VudB6Jumqa', 'SV', 1, '2023-04-14 11:56:19', '2023-04-14 11:56:19', NULL),
(448, '$2a$10$zvTZIa0ITd/FrGWKAS5uwOfzLB2rOU5LDjH/wTf7k/nSxK9p7IJLW', 'SV', 1, '2023-04-14 11:56:19', '2023-04-14 11:56:19', NULL),
(449, '$2a$10$hXuI4Rl0NxbpR3f/n5GceOabEaBdchmPrRYcLhs3VqjmkIZvV64ti', 'SV', 1, '2023-04-14 11:56:19', '2023-04-14 11:56:19', NULL),
(450, '$2a$10$QdNu6l7b9haz58KVB7Drpe6PjUDdT96WbpLp32TD35UbGin0EeBJS', 'SV', 1, '2023-04-14 11:56:19', '2023-04-14 11:56:19', NULL),
(451, '$2a$10$IvgyINB6tGNOrXIhhZdcwuGQy6gezlkT0kjLlqDtBHuibBYbiuI1W', 'SV', 1, '2023-04-14 11:56:19', '2023-04-14 11:56:19', NULL),
(452, '$2a$10$nllb8C7MPFW2p0UY05BptugAHIkWncqvhTcPf9urtaVj2Pdr0OQku', 'SV', 1, '2023-04-14 11:56:20', '2023-04-14 11:56:20', NULL),
(453, '$2a$10$tzNNqDR6Ka8hdyoTAxQfqOJHouC.FpVIL3ghLHsQnX3y.PYzJLpba', 'SV', 1, '2023-04-14 11:56:20', '2023-04-14 11:56:20', NULL),
(454, '$2a$10$iWkEGgWKDtVibPK8EnZvPe2oc.OZxh2ePtQ/vJCsXX/OrluHMgLRW', 'SV', 1, '2023-04-14 11:56:20', '2023-04-14 11:56:20', NULL),
(455, '$2a$10$5lfe3ywfN0UlnCYqCRg74.A4d.SZ9PrZz0U8jBOCkYCHeYd5fTE52', 'SV', 1, '2023-04-14 11:56:20', '2023-04-14 11:56:20', NULL),
(456, '$2a$10$tQYMpKK1trYIUxHxJLqTbO2KegsaQAO/PsB/6JXalcMwZT.rMxvqG', 'SV', 1, '2023-04-14 11:56:20', '2023-04-14 11:56:20', NULL),
(457, '$2a$10$BLRskQwaS2GkNGHh7ET5ee9K/TdNUFX9yTjyzPmaN9JkHFz9GwANu', 'SV', 1, '2023-04-14 11:57:56', '2023-04-14 11:57:56', NULL),
(458, '$2a$10$YcoYBa0Go.OfZjC9TzZI1.49rD3l/I9qw22zL7ZVRuzx/9Cda5px.', 'SV', 1, '2023-04-14 11:57:56', '2023-04-14 11:57:56', NULL),
(459, '$2a$10$JVMTaoeB32E3rru5k8Uz/OGsECOEPb/QXMNNB2Fu5qw5YLgxmTCjy', 'SV', 1, '2023-04-14 11:57:56', '2023-04-14 11:57:56', NULL),
(460, '$2a$10$qwkt/q5V4qf6Bi8oihbgZu2T9v/OEkYoK2Xp9LlAjnsMg52l6CRey', 'SV', 1, '2023-04-14 11:57:56', '2023-04-14 11:57:56', NULL),
(461, '$2a$10$.l3cfQBGLmFOpK4bckPYROluPrzMnK6uHSf5Uf2wP1yjkklOZCU7e', 'SV', 1, '2023-04-14 11:57:56', '2023-04-14 11:57:56', NULL),
(462, '$2a$10$Ug2gSNgPUqtx7PlXelLI2uEscpBZ8mAa6m7qMBvDqtQ0GLj0BmOyO', 'SV', 1, '2023-04-14 11:57:56', '2023-04-14 11:57:56', NULL),
(463, '$2a$10$HB1cF5j2sxGRbQ3vuv7wMewmX6We9lXCr/43uB.bl0EZBWLDpXGia', 'SV', 1, '2023-04-14 11:57:56', '2023-04-14 11:57:56', NULL),
(464, '$2a$10$xid9TpVj/j6iTRiel29xaeht6DfXXEy4e4Ws8QmYFaH5fT79PHodu', 'SV', 1, '2023-04-14 11:57:57', '2023-04-14 11:57:57', NULL),
(465, '$2a$10$FI7sZhX6A4AYguQjtCi3cuIYYtNo0jom8yMCy0A3VedmGK5kIpbhW', 'SV', 1, '2023-04-14 11:57:57', '2023-04-14 11:57:57', NULL),
(466, '$2a$10$R70qqIKdYw.yVMGlNBUNlO3xb2JgJUb03ob/sHoP/w8Vz3gnKnoii', 'SV', 1, '2023-04-14 11:57:57', '2023-04-14 11:57:57', NULL),
(467, '$2a$10$swnoYk1H0oazvYZBHA.uOORwN8D.PLqoBCWhLiqCV2Pvw0yJUBtGm', 'SV', 1, '2023-04-14 11:57:57', '2023-04-14 11:57:57', NULL),
(468, '$2a$10$zW3/lNZbMkDLgPVGQkxf..5UK7KlxdT8hOODmeaj6/dYO0FVrC2Ci', 'SV', 1, '2023-04-14 11:57:57', '2023-04-14 11:57:57', NULL),
(469, '$2a$10$Sjy4Kbti4BTe8YME1jY6Cunomoopre45Mn2MdF1tuStctgNv5zAIq', 'SV', 1, '2023-04-14 11:57:57', '2023-04-14 11:57:57', NULL),
(470, '$2a$10$ZFEDjZv/R/aTPBUtpHttQuO/WwfjeLug/mecUEIcUIN.gNOgNPhE.', 'SV', 1, '2023-04-14 11:57:57', '2023-04-14 11:57:57', NULL),
(471, '$2a$10$DkUSqFR6kDqBlo6qy5xWxOiLJ1O5iXvRgbQSgYPwaF7xdeQgi.eLK', 'SV', 1, '2023-04-14 11:57:57', '2023-04-14 11:57:57', NULL),
(472, '$2a$10$nGGojVg2AcJs0/0jwdMvX.otLUs9wxzrYL7IajM9Gwx0MbVt5AScS', 'SV', 1, '2023-04-14 11:57:57', '2023-04-14 11:57:57', NULL),
(473, '$2a$10$B2gsgIYR1FpjG0WkkBofdOvMhvEXuSb.UJlOxlOI1gGtWSql1R63.', 'SV', 1, '2023-04-14 11:57:57', '2023-04-14 11:57:57', NULL),
(474, '$2a$10$2olZEb7TdN19KPlj8xhHZ.ZWYEaG3VDQO0nmOUGhOKvumsCdpcjnq', 'SV', 1, '2023-04-14 11:57:57', '2023-04-14 11:57:57', NULL),
(475, '$2a$10$KE9j2ZHhRjpr7WyTkzMcLui8yrRYhgxTTTbVeoByNgnmB33QgyxBe', 'SV', 1, '2023-04-14 11:57:57', '2023-04-14 11:57:57', NULL),
(476, '$2a$10$4DgtoSaOg0DpWoLdJKxOuurPBP4/8MrhveY.C0VSfJgAU6WHWbDou', 'SV', 1, '2023-04-14 11:57:57', '2023-04-14 11:57:57', NULL),
(477, '$2a$10$PzMMsZx4oAkumDJWPxnvAuBP9hRoirhsC/bcdRlw6WV1/L0U0nIcS', 'SV', 1, '2023-04-14 11:57:57', '2023-04-14 11:57:57', NULL),
(478, '$2a$10$Qifl043O7X6STXoE0dccI.6dEdg/8cDGErgewzsqfKAS3In5PZeLa', 'SV', 1, '2023-04-14 11:57:57', '2023-04-14 11:57:57', NULL),
(479, '$2a$10$iwhxIWlk2x8JO5NlD2IlSOHOzBOhzhNg2csYOdWBeWmSBWo9c7Hj6', 'SV', 1, '2023-04-14 11:57:57', '2023-04-14 11:57:57', NULL),
(480, '$2a$10$aJKkjs6do7dPYq0lwwX0U.t3hl3GziMpDkzhxPb8l.mO8dX.tqde.', 'SV', 1, '2023-04-14 11:57:57', '2023-04-14 11:57:57', NULL),
(481, '$2a$10$ryZ0Y24DF8/NCyuSPFtT.ed9QNtkqdNahcXGCwX4gJmyp4TvP3D9i', 'SV', 1, '2023-04-14 11:57:57', '2023-04-14 11:57:57', NULL),
(482, '$2a$10$yAfG/owgDGURZEQyRTzGkOsm18Pj3BGTG9nDbTETRDI70FTPtf3e6', 'SV', 1, '2023-04-14 11:57:57', '2023-04-14 11:57:57', NULL),
(483, '$2a$10$u8C/KFLFcV8H8C85BTFC0emIXqVsGzq4oSxjUhkoYstJ3Q5O/mhjq', 'SV', 1, '2023-04-14 11:57:57', '2023-04-14 11:57:57', NULL),
(484, '$2a$10$8DNkwcM91L2T1PtLHQ0aXO1tqQVfYd/cdRzw3lv54WsKvv/InQoCK', 'SV', 1, '2023-04-14 11:57:57', '2023-04-14 11:57:57', NULL),
(485, '$2a$10$FBwmDtQqRANHqQrvFg.hg.5.392y2xetecivTdHP8Owb2Ma.5u5SG', 'SV', 1, '2023-04-14 11:57:57', '2023-04-14 11:57:57', NULL),
(486, '$2a$10$Ln.ihuXtPkug4EY0SZlUPusZEq9.NyeB.DTEWJZtbGg1YuNBUgim.', 'SV', 1, '2023-04-14 11:57:57', '2023-04-14 11:57:57', NULL),
(487, '$2a$10$NgZBEmTqqZdRGQiUar2olO86Vbo6YDRl19kchHy76eDCz0bWImTbi', 'SV', 1, '2023-04-14 11:57:57', '2023-04-14 11:57:57', NULL),
(488, '$2a$10$hS70PQMBrjiWD/Yqtvq.nONZA0Hvj9Ihm44tAM/d6h8DjDI7h2vAW', 'SV', 1, '2023-04-14 11:57:57', '2023-04-14 11:57:57', NULL),
(489, '$2a$10$WWSCbFxe./ARXmt227fN0.hEiZ3N4hRb/nJeH8VjbMC1WN1UExMp2', 'SV', 1, '2023-04-14 11:57:57', '2023-04-14 11:57:57', NULL),
(490, '$2a$10$WcFnXR1MFc92y15JSd88zu3gJiilMuTxGCBrL23p2ZXlys.TrSI8u', 'SV', 1, '2023-04-14 11:57:57', '2023-04-14 11:57:57', NULL),
(491, '$2a$10$uD4qJrJVY0e1f8i6EKKgkuIggIEp1VB0nxlwuiuvvBilVtCcw0o02', 'SV', 1, '2023-04-14 11:57:57', '2023-04-14 11:57:57', NULL),
(492, '$2a$10$QRyU0nQBjJhV8lq0.5loo.hcKIFAQmCW0XajF3RZumPy/urpLuphO', 'SV', 1, '2023-04-14 11:57:57', '2023-04-14 11:57:57', NULL),
(493, '$2a$10$KbTpn1NQiW1pzJSosDelJeYT5.1aks3tU6BZTeBt8eby0hn4WS67K', 'SV', 1, '2023-04-14 11:57:57', '2023-04-14 11:57:57', NULL),
(494, '$2a$10$wh204hjqFhl3n8uI4dTUeeGQ0o597LuCDs2ezMI11FQI7Ea0YxoeO', 'SV', 1, '2023-04-14 11:57:57', '2023-04-14 11:57:57', NULL),
(495, '$2a$10$ONblin9t/3Dtgm1r8y16GOGOf5pvdYoxoCff8k4C9GcXGpVYO44Z2', 'SV', 1, '2023-04-14 11:57:57', '2023-04-14 11:57:57', NULL),
(496, '$2a$10$gs7optcK9iPLUjzbO6osk.xi8vrk/1ronFO6qq.8AcGPXKvIWAsbG', 'SV', 1, '2023-04-14 11:57:57', '2023-04-14 11:57:57', NULL),
(497, '$2a$10$eCw9pekq1I.8jPDd5G80wuWw7eh0yNAYEP0TpO0wxu.gsQ3JuJe8m', 'SV', 1, '2023-04-14 11:57:57', '2023-04-14 11:57:57', NULL),
(498, '$2a$10$B8nU75TJC06atHghvdEAWeLK.SExDoKNu0vRzMqFXE2ITtPTmzQ/i', 'SV', 1, '2023-04-14 11:57:57', '2023-04-14 11:57:57', NULL),
(499, '$2a$10$1em29Ns0gy3Cy59EL1v9yeyD8mh72cBycGy1KjEATjlAQn.Pa5h/W', 'SV', 1, '2023-04-14 11:57:57', '2023-04-14 11:57:57', NULL),
(500, '$2a$10$5UyBE61Zy0cUARNNj1CDMOo4NHO3W1iiLCjXP/4x.gqg4CMturHee', 'SV', 1, '2023-04-14 11:57:57', '2023-04-14 11:57:57', NULL),
(501, '$2a$10$.hIME7pdbsh5xAuvZVa/E.MdYUqwTPz1mxZh908Eaov8XeGm.DuRO', 'SV', 1, '2023-04-14 11:57:57', '2023-04-14 11:57:57', NULL),
(502, '$2a$10$lZZzoo8G0SrNT7LMewahQO5R6djHgPaa8BTXkjeKu9mky3EMIfqC6', 'SV', 1, '2023-04-14 11:57:57', '2023-04-14 11:57:57', NULL),
(503, '$2a$10$IsKcRtKHhOrKc2yDH4pouO0QN4WIKTf0HhqZRnZDH3HMkXay5mkcq', 'SV', 1, '2023-04-14 11:57:57', '2023-04-14 11:57:57', NULL),
(504, '$2a$10$whb.vCJNMK6hZQpp34GYAOuUpCrSVMtcG1UB1J/9/rE/siiT7TnVa', 'SV', 1, '2023-04-14 11:57:57', '2023-04-14 11:57:57', NULL),
(505, '$2a$10$JxbAltpVJqGfjZMasoOKX.7onWqg3Keg28R2oZhrjA4Gv.WLQsrmy', 'SV', 1, '2023-04-14 11:57:57', '2023-04-14 11:57:57', NULL),
(506, '$2a$10$g1UJTrbzMdyNvqbEBsVCb.nG0Q8J0w5j6A307Pl3RUviTeoBH0WEW', 'SV', 1, '2023-04-14 11:57:57', '2023-04-14 11:57:57', NULL),
(507, '$2a$10$aWdXZkhGXqd0vjr.pELmvec..Ck4UYiZHWIk.Q6yi0THt4iAyILqi', 'SV', 1, '2023-04-14 11:57:57', '2023-04-14 11:57:57', NULL),
(508, '$2a$10$7QHN6GrPhhp1vk1pJ/l35OtEbQvuGiyoyV5hE7dJZDLzT20Di5CG6', 'SV', 1, '2023-04-14 11:57:57', '2023-04-14 11:57:57', NULL),
(509, '$2a$10$UibWBfDIwe3a6walmjdY7ONEVWPRxEvgYWyFkX0uG7Q2uzO2um6RS', 'SV', 1, '2023-04-14 11:57:57', '2023-04-14 11:57:57', NULL),
(510, '$2a$10$7Bq.GEDOEWFFoUcYaXBLUe46JvqpyAnnQMZUC7sSkW3fHnasO56Vy', 'SV', 1, '2023-04-14 11:57:57', '2023-04-14 11:57:57', NULL),
(511, '$2a$10$bOMiMEpClCV3rmoi00M.xusDvIQ/i.NzfEnLal1DclYPJ2vYltxri', 'SV', 1, '2023-04-14 12:01:44', '2023-04-14 12:01:44', NULL),
(512, '$2a$10$oOidu17eZGhod6kCgMW.veVo9s2XRv1K2NTNhPX5W.vknJ5W/MPWu', 'SV', 1, '2023-04-14 12:01:44', '2023-04-14 12:01:44', NULL),
(513, '$2a$10$9hpFtA8zDLjmVBE4X.lN6uYPy2DK79YaSDO3dehSgwh5Iu5ErmujW', 'SV', 1, '2023-04-14 12:01:44', '2023-04-14 12:01:44', NULL),
(514, '$2a$10$psM9YAA0XW7wZv1fsl39Aeqz1d2uEUQL9zPTjhBsvP0t3G7sf1O4.', 'SV', 1, '2023-04-14 12:01:44', '2023-04-14 12:01:44', NULL),
(515, '$2a$10$Z.r.i1UfFYlaTce4PH.hoOE9iMNBGn13PYISzDbiUTOOaie.3Gxbe', 'SV', 1, '2023-04-14 12:01:44', '2023-04-14 12:01:44', NULL),
(516, '$2a$10$Ys64GwXA/OhzHDt4JO6kZOH093CNc.63jnEQPiT3DEwR4MdxTNwbe', 'SV', 1, '2023-04-14 12:01:44', '2023-04-14 12:01:44', NULL),
(517, '$2a$10$GSUkZ.szTfA8NgV79CMp1urzz3ezJPLmFS2izw1UuEW6f39q0scf.', 'SV', 1, '2023-04-14 12:01:44', '2023-04-14 12:01:44', NULL),
(518, '$2a$10$Y8TQr0Hi5D3V4Xtjk2FKPe0nq1P3su5no1LX3yOX4Y/b92UAYN2zW', 'SV', 1, '2023-04-14 12:01:44', '2023-04-14 12:01:44', NULL),
(519, '$2a$10$k5zDDIbtePlAWkG1lIACnONoPbueuYZvJog/m9L.UIEgXtd8pnz8O', 'SV', 1, '2023-04-14 12:01:44', '2023-04-14 12:01:44', NULL),
(520, '$2a$10$KqEC65ooodN57Wmn5RmhZuRYzXiyh1Tkb9sjzYMWG85ONl1bYdl6u', 'SV', 1, '2023-04-14 12:01:44', '2023-04-14 12:01:44', NULL),
(521, '$2a$10$1lpkpNAu4XKEuiL5mKz/6.zTlvAXUZZX7EIY49o/WiZYvycsdjLb6', 'SV', 1, '2023-04-14 12:01:44', '2023-04-14 12:01:44', NULL),
(522, '$2a$10$YvhvNkp0p1YJjoTtKKkuNe/ZfvdfpSkfCnY6ISBYj9HQD2b4jvyOq', 'SV', 1, '2023-04-14 12:01:44', '2023-04-14 12:01:44', NULL),
(523, '$2a$10$jljdFDdkTXRk047xG52ttumZoIyyabjH9FPLeE.4JTkb4VTxUIE.K', 'SV', 1, '2023-04-14 12:01:44', '2023-04-14 12:01:44', NULL),
(524, '$2a$10$7VTmBJyiVCF7TzdrslRJWOHgBTbtPGMkCL9UTCAKhyqdvo1lSCCXK', 'SV', 1, '2023-04-14 12:01:44', '2023-04-14 12:01:44', NULL),
(525, '$2a$10$2YBVunP5lnZX7zXAq0mw7uzXa2OD7T./brqlgzAgU9JIkA..DqhfC', 'SV', 1, '2023-04-14 12:01:44', '2023-04-14 12:01:44', NULL),
(526, '$2a$10$mWGmr30/eZToIMFbsvRSMuvoUlr3KY3KjqXm0G4xwUHxJ/.1ijJ8S', 'SV', 1, '2023-04-14 12:01:44', '2023-04-14 12:01:44', NULL),
(527, '$2a$10$M7LzMs.km7V6HXlTyWK56.LPxMvizKibmzRfxhfldKmnO6hUNUVzC', 'SV', 1, '2023-04-14 12:01:44', '2023-04-14 12:01:44', NULL),
(528, '$2a$10$rCFdPRDsxJGQZZoVATcPkuJadEBipvk1QmTM2pgooUHj3WhEjDd.q', 'SV', 1, '2023-04-14 12:01:44', '2023-04-14 12:01:44', NULL),
(529, '$2a$10$CULQTp5rZ1DYoybk8YXROeLNG5eA52QRtnG8ILZ6rpSRLzRhNkvzu', 'SV', 1, '2023-04-14 12:01:44', '2023-04-14 12:01:44', NULL),
(530, '$2a$10$2fGx58r27qhVw2jTz19IjO6Bgallpb9Ffc6Wa7Sp0UjZDLGAFc6pm', 'SV', 1, '2023-04-14 12:01:44', '2023-04-14 12:01:44', NULL),
(531, '$2a$10$BSILsCJUOQm/3eWTKq.UD.srtxFPwqBnoa73S99mkhuUvOSrYx2si', 'SV', 1, '2023-04-14 12:01:44', '2023-04-14 12:01:44', NULL),
(532, '$2a$10$xZA4i3kltvPrxeDsXIqb.OooJX/AgjTZxpnA..Ny7K.66Y9bO/Nw.', 'SV', 1, '2023-04-14 12:01:44', '2023-04-14 12:01:44', NULL),
(533, '$2a$10$RX6dBLbTcmmfm60MXiYYLu7B6W8YuxE556ZGJ/HELsrkUWt4V68US', 'SV', 1, '2023-04-14 12:01:44', '2023-04-14 12:01:44', NULL),
(534, '$2a$10$SWDgxvQ0eMELzj/em4O6.emI6UJvOfe7cuFBaOXMi8gn12H15gpSu', 'SV', 1, '2023-04-14 12:01:44', '2023-04-14 12:01:44', NULL),
(535, '$2a$10$yLgacby6EKh.kZa0CCVtNeZv90Wdm5wNYmmmWCnBQdHwq6eSnYAji', 'SV', 1, '2023-04-14 12:01:44', '2023-04-14 12:01:44', NULL),
(536, '$2a$10$82sC8bN7f4D/hov9ravfsOcXUT.mZU2WpBSS1tgWuXILlS0C2L18W', 'SV', 1, '2023-04-14 12:01:44', '2023-04-14 12:01:44', NULL),
(537, '$2a$10$gpYHgM6fAgponjmZb1Qv1.ySRFUSLy9012TYd0nYvPDMjy3XYpgt.', 'SV', 1, '2023-04-14 12:01:44', '2023-04-14 12:01:44', NULL),
(538, '$2a$10$G8YRYTxRareLPFburyRUbO9UqfwdHdfqfuXWCBx/GKJSLCe2F6OH.', 'SV', 1, '2023-04-14 12:01:44', '2023-04-14 12:01:44', NULL),
(539, '$2a$10$uXpK1JfrDwEDpmKoGh44L.HNqNsVE3EhRA/ouksx1e8/OFTYNBOOC', 'SV', 1, '2023-04-14 12:01:44', '2023-04-14 12:01:44', NULL),
(540, '$2a$10$8BeS6FEyOdMGLZjCVxdBZuuPmKX7wd/7KdYzojkjIAOAX733go1Le', 'SV', 1, '2023-04-14 12:01:44', '2023-04-14 12:01:44', NULL),
(541, '$2a$10$k4NjluqsBYe0xA.py8dtlOXui5jJYjz3mpLYkhEwemK/yiRn/SHRe', 'SV', 1, '2023-04-14 12:01:44', '2023-04-14 12:01:44', NULL),
(542, '$2a$10$POqGAp0yDG5uSLGXyZ9KFO7EfYzAdJPhOZJanDhWOs2juycCyUKsy', 'SV', 1, '2023-04-14 12:01:44', '2023-04-14 12:01:44', NULL),
(543, '$2a$10$VzXXpNyaGiE7lptAQf3oCuVZkPkPPPuwCCrgrAxpzJS2oUTOlJBFa', 'SV', 1, '2023-04-14 12:01:44', '2023-04-14 12:01:44', NULL),
(544, '$2a$10$/480tKeLdycogN7eYEg39OVKlYytNTodQ9l9YISXSI/8z93JUf2om', 'SV', 1, '2023-04-14 12:01:44', '2023-04-14 12:01:44', NULL),
(545, '$2a$10$.BAP95IlwC1MZjG7tW6hbeiVXPbiO7AimwFqBVx0LcMKIGb4x3FrO', 'SV', 1, '2023-04-14 12:01:44', '2023-04-14 12:01:44', NULL),
(546, '$2a$10$cCP8vIiZt07MoXZsw5XRf.N/Jpy/2BdeqxY.YUettdixlRX3D83.C', 'SV', 1, '2023-04-14 12:01:44', '2023-04-14 12:01:44', NULL),
(547, '$2a$10$ZLr.HqPbmlIXTqV68al3Y.OoVavPgfwrRM.07eSgePM4cOzqmpPma', 'SV', 1, '2023-04-14 12:01:44', '2023-04-14 12:01:44', NULL),
(548, '$2a$10$4aqtbxXOrYYkj/i/yUEx5.rZygZ5SrR5lpnVELUcyehUERPdmB/Xa', 'SV', 1, '2023-04-14 12:01:44', '2023-04-14 12:01:44', NULL),
(549, '$2a$10$Q1je4DFtu7DsLMW57Rf8HuOKbX2xOlXoT9ary107h6XBge5xaGJaa', 'SV', 1, '2023-04-14 12:01:44', '2023-04-14 12:01:44', NULL),
(550, '$2a$10$blcLVRRSMhK7rCuMA8vrtOXXKDwnxHawrJQTaUibGJEDWHZ62Btmq', 'SV', 1, '2023-04-14 12:01:44', '2023-04-14 12:01:44', NULL),
(551, '$2a$10$YyEVGTc/T3bSh4AroDdWduHIaepnBijmZxqTf8poyvFeijlRp6Drq', 'SV', 1, '2023-04-14 12:01:44', '2023-04-14 12:01:44', NULL),
(552, '$2a$10$zC9Ww3JKGdR164wwivzFROQumB7YthlFyQ7wyt2WdOhM7GSEskytq', 'SV', 1, '2023-04-14 12:01:44', '2023-04-14 12:01:44', NULL),
(553, '$2a$10$IKcN2qZbc22Dp68E6n7ElOJpDK7agUj6Qd6/FgflprlbYTU0krL4W', 'SV', 1, '2023-04-14 12:01:44', '2023-04-14 12:01:44', NULL),
(554, '$2a$10$gFdb9LgyROAdMWXsgc5vPe1yfhQBglPyMT4CpOCtVO7LsLtJS0ZS6', 'SV', 1, '2023-04-14 12:01:44', '2023-04-14 12:01:44', NULL),
(555, '$2a$10$/FWBEg/pChmjMpnlb9.ikukthxWJ8KIW0y.sp3atd1pvMpFURV9rq', 'SV', 1, '2023-04-14 12:01:44', '2023-04-14 12:01:44', NULL),
(556, '$2a$10$PtVZdmWGenFkpYAhkCLT0ujR1vH3Hzy5FB1j.LOS3Vh/KRAgZtGMO', 'SV', 1, '2023-04-14 12:01:44', '2023-04-14 12:01:44', NULL),
(557, '$2a$10$HwRYT/Z1WTw7DUvJzdVndeJ0YyftGlJfQgpFBExGGwKpyel3V8Vq2', 'SV', 1, '2023-04-14 12:01:44', '2023-04-14 12:01:44', NULL),
(558, '$2a$10$CDiS.cB49/lSV0hbzFmZZe.IteomG9ofKiVwtdHS.jIOuZJ9QwfQ6', 'SV', 1, '2023-04-14 12:01:44', '2023-04-14 12:01:44', NULL),
(559, '$2a$10$UCYHUTkXDQKOszdM.WW0iebSBR7pMNdmpf1Uc3SjJHgi0WHOcA0Yq', 'SV', 1, '2023-04-14 12:01:44', '2023-04-14 12:01:44', NULL),
(560, '$2a$10$MWyg5PWPN3eqIUjzVYOD8OMIij/Agrg.YB0fGRXc.bR4yTD5gql5.', 'SV', 1, '2023-04-14 12:01:44', '2023-04-14 12:01:44', NULL),
(561, '$2a$10$wNF6P7ubPSqSQrmEA09XxOY..jdbpXrkewe5Y5jzxrkqZL4LoNdvu', 'SV', 1, '2023-04-14 12:01:44', '2023-04-14 12:01:44', NULL),
(562, '$2a$10$Q/Q/SkGgrmGiUudwYF.ycuR2yTDBB6emS5tRlgzRET.9xXiajSV/q', 'SV', 1, '2023-04-14 12:01:44', '2023-04-14 12:01:44', NULL),
(563, '$2a$10$SXXHbZWhVUSIvdXIBFFvWObxy1DposHOj9NF6u51nncLiBEMScKHe', 'SV', 1, '2023-04-14 12:01:44', '2023-04-14 12:01:44', NULL),
(564, '$2a$10$ZNq/Ohy0/pc8U9NB3FteiuypAhD2XKNsj21M9wdssDG/EUxjavm6u', 'SV', 1, '2023-04-14 12:01:44', '2023-04-14 12:01:44', NULL),
(565, '$2a$10$XfZC8P0nA0Bv70.jradqhuBvI3zuBwxIklzldsg./E1GgaJkn7uJ6', 'SV', 1, '2023-04-14 12:03:20', '2023-04-14 12:03:20', NULL),
(566, '$2a$10$KjmHVVQNeQ4dIG7kYF2LjuwcNLI6Dt3nfwmjqIhP8D6ks82xr1.Fa', 'SV', 1, '2023-04-14 12:03:20', '2023-04-14 12:03:20', NULL),
(567, '$2a$10$6g5JV44ocioVHiVuWFunlufacKgnKlizgQht1TpGlB99OsB4u1FD2', 'SV', 1, '2023-04-14 12:03:20', '2023-04-14 12:03:20', NULL),
(568, '$2a$10$2T.QYp3HAsIbidemUMy2/Oyan9DV3gUHsW3SNSiXGUGNwgiGfyBNO', 'SV', 1, '2023-04-14 12:03:20', '2023-04-14 12:03:20', NULL),
(569, '$2a$10$HQTSsyt1gu8VJIL05X3nXu2fASvAn7QX1QQpHR7TqwgYppXq8Ce7u', 'SV', 1, '2023-04-14 12:03:20', '2023-04-14 12:03:20', NULL),
(570, '$2a$10$b0gsiBD68CJxSG6yh1jOpuduSLHHvbdMAtl1iC.EeaRM00IPWd1n.', 'SV', 1, '2023-04-14 12:03:20', '2023-04-14 12:03:20', NULL),
(571, '$2a$10$gAEfrs2ocUGK1tzdRZiMHuaS08UFu89oHR/vnB6koq1tHzbpcxxgG', 'SV', 1, '2023-04-14 12:03:20', '2023-04-14 12:03:20', NULL),
(572, '$2a$10$y6.vgakz3YSTeYF74GyXL.qaZ7gZAby6uDtD0jbECJakysoFnQhD6', 'SV', 1, '2023-04-14 12:03:20', '2023-04-14 12:03:20', NULL),
(573, '$2a$10$XIHS2DLqwjMqHfCtQck47.qwoIde1JVzOrP1nyfXIesZnFuvlgG7e', 'SV', 1, '2023-04-14 12:03:20', '2023-04-14 12:03:20', NULL),
(574, '$2a$10$vWE7ceFcEcG1FfjxBRykFetdcBtAyrZNu3owbE/nevkVQxyY87FXi', 'SV', 1, '2023-04-14 12:03:20', '2023-04-14 12:03:20', NULL),
(575, '$2a$10$ERktYnoU/AItAO/QvMtrs.XIiWhbrcCxlYWkheIg7NA0G.LXCpkQm', 'SV', 1, '2023-04-14 12:03:20', '2023-04-14 12:03:20', NULL),
(576, '$2a$10$wfISNogTI6oiYMb40znl1eF3GIo2BN805LzwrAhNA8JN0cWbbQ3PW', 'SV', 1, '2023-04-14 12:03:20', '2023-04-14 12:03:20', NULL),
(577, '$2a$10$S33Dhh4nI/V77fq/oc0a2.Lse1FCZXfbEIN8O.qVza1E6wQPKOvO2', 'SV', 1, '2023-04-14 12:03:20', '2023-04-14 12:03:20', NULL),
(578, '$2a$10$/4QqqtBK5bv2B61p.FheJ.GNHIm/weAt.yw/G98VBfZKTnc6qDECq', 'SV', 1, '2023-04-14 12:03:20', '2023-04-14 12:03:20', NULL),
(579, '$2a$10$wQR2o1uQiY8i9Z5x87Sp0.vXLPv9luL8HFHHc7rHdbAWoMn7vwndC', 'SV', 1, '2023-04-14 12:03:20', '2023-04-14 12:03:20', NULL),
(580, '$2a$10$iRb6JE2uPpUD8IBtjaZwZuIOA1VqJ0zS/dYF13deGahX4Es.UZHva', 'SV', 1, '2023-04-14 12:03:20', '2023-04-14 12:03:20', NULL),
(581, '$2a$10$LRmQEg0JyCLnSYMsxVE7ku0aH1mCaRbuLIhoS4p3Hb0QtxpAfzOi6', 'SV', 1, '2023-04-14 12:03:20', '2023-04-14 12:03:20', NULL),
(582, '$2a$10$6w/ewxCx3HSXvKQLnRVhneT/KlQ2BZriSfcZkTybKMPFjwp5Rp0a.', 'SV', 1, '2023-04-14 12:03:20', '2023-04-14 12:03:20', NULL),
(583, '$2a$10$WnDwKnF/5aj64krL0zZPT.8ItyiJ6M9qVkaP5RPeee0o0NUfKQ.9C', 'SV', 1, '2023-04-14 12:03:20', '2023-04-14 12:03:20', NULL),
(584, '$2a$10$X6hPMA.0wLVoMojsg/FNHedaI/T.caW2JUVFrdoATn3adeRx/5FOS', 'SV', 1, '2023-04-14 12:03:20', '2023-04-14 12:03:20', NULL),
(585, '$2a$10$8yV/iln6ktDrbe/tP0eu0eAMd8kQQNzUCPtCzCnuZT3v0dOyoO4ay', 'SV', 1, '2023-04-14 12:03:20', '2023-04-14 12:03:20', NULL),
(586, '$2a$10$c9JRzzPY77JqFp4qJ4hrz..Cwwzby7kNPm9yEdbW0rqwVnNLDPV72', 'SV', 1, '2023-04-14 12:03:20', '2023-04-14 12:03:20', NULL),
(587, '$2a$10$4a5p.3MPa//iX8kFrBHXCugz3.XTIYMWLKEeoYzalsSWgd07IOTCe', 'SV', 1, '2023-04-14 12:03:20', '2023-04-14 12:03:20', NULL),
(588, '$2a$10$LTVu9iU9SN9tOtjIGgedQeKIAQww5xv/GixXSyWkMzE7/l.OZP/b.', 'SV', 1, '2023-04-14 12:03:20', '2023-04-14 12:03:20', NULL),
(589, '$2a$10$6zSML.V6wh.5c95GUOl13O7c6SvmXZvmsrWmEGCW6ThCVm2j5OwYO', 'SV', 1, '2023-04-14 12:03:20', '2023-04-14 12:03:20', NULL),
(590, '$2a$10$DvIBFdHDpys5DoZWwJQzZuzZsYvovOIZjCpiBDwlgZ1ahlRKfmOAq', 'SV', 1, '2023-04-14 12:03:20', '2023-04-14 12:03:20', NULL),
(591, '$2a$10$iI5SvqsflrZUvhkcxmhy7.g32hgN9P7XR3D1c/pNWK3XysmnvBYa.', 'SV', 1, '2023-04-14 12:03:20', '2023-04-14 12:03:20', NULL),
(592, '$2a$10$Fot4hOM7ApwyufaeD3Cc7.mwArEh.KipiNB3zAN9U0FeLP9sj.L76', 'SV', 1, '2023-04-14 12:03:20', '2023-04-14 12:03:20', NULL),
(593, '$2a$10$FOU/KL47nacWUV6FNAQZrepr5/.PXgpxn.2DK5cQwgBV/jfpGy5Xe', 'SV', 1, '2023-04-14 12:03:20', '2023-04-14 12:03:20', NULL),
(594, '$2a$10$hGJbyk19UrQzsgpcGTGEqeJsitOvna1KBTkn2ShGzwSGEHgjMs0p2', 'SV', 1, '2023-04-14 12:03:20', '2023-04-14 12:03:20', NULL),
(595, '$2a$10$JIR7Ie0ABeIJtZLtnV2WceCpHLYMqIRoWOZCIlt7RXvFCLfky0Et2', 'SV', 1, '2023-04-14 12:03:20', '2023-04-14 12:03:20', NULL),
(596, '$2a$10$lO5JG8.9oJNxigUx2xNt3OX7B9SfhYx9Zh5MbPnOzkECaBlps3o2a', 'SV', 1, '2023-04-14 12:03:20', '2023-04-14 12:03:20', NULL),
(597, '$2a$10$GEr1x8RN2b7VyOLrcosROuOEnoBO6ZB5vXv2gZUpJsoWYC1mWh5IG', 'SV', 1, '2023-04-14 12:03:20', '2023-04-14 12:03:20', NULL),
(598, '$2a$10$4pXMcsNYMw8RrQZMTBAqbea2E3QSLe7s.WLA4IbpMWxadZgZs64Ge', 'SV', 1, '2023-04-14 12:03:20', '2023-04-14 12:03:20', NULL),
(599, '$2a$10$rOEyTFNsuWMLotunwLezIu93wGrZfEREJ8eJCHv8Qch6zKcA94BD.', 'SV', 1, '2023-04-14 12:03:20', '2023-04-14 12:03:20', NULL),
(600, '$2a$10$QX2dcLBRAusY80WDLrnYruukvgYDWF1anecdFAwPyUgJfN9FTwYI2', 'SV', 1, '2023-04-14 12:03:20', '2023-04-14 12:03:20', NULL),
(601, '$2a$10$99.OUR4Ap/fuiLUPloUuhOySVrIeePwbuiwxmldNnoduN47qtiXuu', 'SV', 1, '2023-04-14 12:03:20', '2023-04-14 12:03:20', NULL),
(602, '$2a$10$CGCnE6cbe/gfLrLleHGDOelaTvf5oQRhiUseOrjXRXV1Iz.C0CI9y', 'SV', 1, '2023-04-14 12:03:20', '2023-04-14 12:03:20', NULL),
(603, '$2a$10$bhr/WIPYC1dzUIOs9z1AoeMANi5yJVhf6SsfITOe/MSybxko8sULK', 'SV', 1, '2023-04-14 12:03:20', '2023-04-14 12:03:20', NULL),
(604, '$2a$10$IZEsuzDVotMH5kbAu.J8SuEqYIuS5uhJXQgiHxejd/olb9cB9e8Iu', 'SV', 1, '2023-04-14 12:03:20', '2023-04-14 12:03:20', NULL),
(605, '$2a$10$qgstGVHsjo3WfB7Kbab84O9CCtoWqwSNFhZHx3sM.AfzgefYY/q1a', 'SV', 1, '2023-04-14 12:03:20', '2023-04-14 12:03:20', NULL),
(606, '$2a$10$xPqYLYU/Apu3Go/ZpzApXOhE7vuGmBMTYOtVvnxVFRYgZb/4iO7R.', 'SV', 1, '2023-04-14 12:03:20', '2023-04-14 12:03:20', NULL),
(607, '$2a$10$R1xJsbVB0QnyWIVOeIh4suq32w7nZDnpZs/g8q/5enLfW5JxcJ.w6', 'SV', 1, '2023-04-14 12:03:20', '2023-04-14 12:03:20', NULL),
(608, '$2a$10$PsTzdgwG2Qg5.GT.G9PdD.JtYm8lkIRAPMXWbsMqRzsMF49m2eYIG', 'SV', 1, '2023-04-14 12:03:20', '2023-04-14 12:03:20', NULL),
(609, '$2a$10$JRhl9Ev5WoYal1quiM6CBu0W5vKgc.LYw98VnpNeqKRyZ7ebhxsny', 'SV', 1, '2023-04-14 12:03:20', '2023-04-14 12:03:20', NULL),
(610, '$2a$10$Jql8bBqzU73A4eLd/MpvTeN9cszOinOSp4CRe7DH9YCgRqFyQEiBm', 'SV', 1, '2023-04-14 12:03:20', '2023-04-14 12:03:20', NULL),
(611, '$2a$10$3UyCRWMlMPO37kPoN64JbuyOTGGEEL42fONDCFwBqz9ROHVR/2ZhO', 'SV', 1, '2023-04-14 12:03:20', '2023-04-14 12:03:20', NULL),
(612, '$2a$10$SQZG8txWq5hifpOX5Em1n.SRcFrlw95Qj3ef3Ei.KqEsRkJHrWAVy', 'SV', 1, '2023-04-14 12:03:20', '2023-04-14 12:03:20', NULL),
(613, '$2a$10$CBILUeTgYlKOGQnUji1AXOz5FuVDQEJqsM53W8Hm8Mg6r1nWfosUy', 'SV', 1, '2023-04-14 12:03:20', '2023-04-14 12:03:20', NULL),
(614, '$2a$10$Ht1/WBesULohH1/PkSDWYuOLkpHp9GeKodbi29HAr.EHrLKzNqn8m', 'SV', 1, '2023-04-14 12:03:20', '2023-04-14 12:03:20', NULL),
(615, '$2a$10$3cXX5fhjrSdwDthkHRDVBOGEvOQObNNaEPr4mQCmYqVxLvOz5.9BO', 'SV', 1, '2023-04-14 12:03:20', '2023-04-14 12:03:20', NULL);
INSERT INTO `accounts` (`id`, `password`, `type`, `isActive`, `createdAt`, `updatedAt`, `permissiongroupId`) VALUES
(616, '$2a$10$PZq/a7EnacnX993JGDL75OtBwm/d9/vPE70t9TAwJSvWqHbXG5UJW', 'SV', 1, '2023-04-14 12:03:20', '2023-04-14 12:03:20', NULL),
(617, '$2a$10$BKrn1T3qLqoSOjWzokDEu.FfpwLsndixN1ev1pN8lwulqqpXQLzz2', 'SV', 1, '2023-04-14 12:03:20', '2023-04-14 12:03:20', NULL),
(618, '$2a$10$q9v5610UAH9q.uwds55zWuN8i6AJrqRTAZ7AQSJfJAoI5jb2FFJe.', 'SV', 1, '2023-04-14 12:03:20', '2023-04-14 12:03:20', NULL),
(619, '$2a$10$P73nYG9nDXjNcZz7vYnPo.Jm.FHKXXxitz88wW6c/Y6HxD5y1E1E2', 'SV', 1, '2023-04-14 12:04:06', '2023-04-14 12:04:06', NULL),
(620, '$2a$10$9VqNuvbeEkaoWSxQmCnqV.LoLIMHH.vg/eNO1XkuQllbpvm1zCS.y', 'SV', 1, '2023-04-14 12:04:06', '2023-04-14 12:04:06', NULL),
(621, '$2a$10$uGFl5YSa1n8UwUPWJgUsaOuJFJBa9a5LKuY4.EgdQ2UQnJGRSAZ7C', 'SV', 1, '2023-04-14 12:04:06', '2023-04-14 12:04:06', NULL),
(622, '$2a$10$bdX3bB4xzfiKwHxFB7I/TuJDNCJVYZvrGlFaVrzhwvljUMDQ6Jq.K', 'SV', 1, '2023-04-14 12:04:06', '2023-04-14 12:04:06', NULL),
(623, '$2a$10$QLBTFDrDG.VGXvAxZHnRyeM9ia4y8LVnTz7WW/6TtK2iovbMhLkJ2', 'SV', 1, '2023-04-14 12:04:06', '2023-04-14 12:04:06', NULL),
(624, '$2a$10$LHBqQklJDCGjbj.fWgFFrepZfIPJn.UgTvAP2ZpY/AL3ZQdZPvvxm', 'SV', 1, '2023-04-14 12:04:06', '2023-04-14 12:04:06', NULL),
(625, '$2a$10$ijQfIZ.XgbkAldI3Xe3e0uGQQlq4ftzjnBZInXg4Jg8p.kJnV3BIy', 'SV', 1, '2023-04-14 12:04:06', '2023-04-14 12:04:06', NULL),
(626, '$2a$10$YiPtn9dqZIWRRUkRNKgRFueLdEqvobSyFZUutZhFYdWi7/MQbYx7q', 'SV', 1, '2023-04-14 12:04:06', '2023-04-14 12:04:06', NULL),
(627, '$2a$10$zEkZPkgffaOx2dXHj.bWsuTrV2L6ufeqke1HBf7ib9VPIAYJYblgu', 'SV', 1, '2023-04-14 12:04:06', '2023-04-14 12:04:06', NULL),
(628, '$2a$10$PZdP8b./gY6rVkaHl5AT8OR/SsnBS21ur.8/o6suseRq.JMp2Hzam', 'SV', 1, '2023-04-14 12:04:06', '2023-04-14 12:04:06', NULL),
(629, '$2a$10$dyiwYeTBTp4yEd8WU6vpvuGFntUUuLEJ.y8kS2WPNdWMkAJETCSNW', 'SV', 1, '2023-04-14 12:04:06', '2023-04-14 12:04:06', NULL),
(630, '$2a$10$8e2WBDMLx1x3vICFoKrOK.6h7yuYeDLzRzVQ11KGhxFPM3z2/yeii', 'SV', 1, '2023-04-14 12:04:06', '2023-04-14 12:04:06', NULL),
(631, '$2a$10$jgv0nIbZ9Eb7Vo47MYw5cuqsLXkqizj9CFiFvakz8bE055HbSxfAO', 'SV', 1, '2023-04-14 12:04:06', '2023-04-14 12:04:06', NULL),
(632, '$2a$10$vqrcGABie.CD9UXyBbkEVOlQAMEhHzNHtiPSW8istCpIEKgRwrJyC', 'SV', 1, '2023-04-14 12:04:06', '2023-04-14 12:04:06', NULL),
(633, '$2a$10$rw8.oAMrcVZAtuPrpNT6Qe/Zr2Qu6c/bu8oLJceFFxG23vvaVyml.', 'SV', 1, '2023-04-14 12:04:06', '2023-04-14 12:04:06', NULL),
(634, '$2a$10$eOjBuvJPGUP0beaRlZLLG.C9hTg7vY36nA0UH/wI8LducT8kzrkEy', 'SV', 1, '2023-04-14 12:04:06', '2023-04-14 12:04:06', NULL),
(635, '$2a$10$lvF2jf/Q9YNbhc6uxHtMGe2yx5rOqaRISh6mcR7s/ArGcqlm2.QcS', 'SV', 1, '2023-04-14 12:04:06', '2023-04-14 12:04:06', NULL),
(636, '$2a$10$3ZLg0QqjfODBYOlTsHwYjeVj2d2.Sw1Gic8Op/BDaj2A589T93x.G', 'SV', 1, '2023-04-14 12:04:06', '2023-04-14 12:04:06', NULL),
(637, '$2a$10$1PzO9i48UAfcJm2D7xU0w.423B6QD/.aeQVL1vM35Cs1o5PQIK7dW', 'SV', 1, '2023-04-14 12:04:06', '2023-04-14 12:04:06', NULL),
(638, '$2a$10$rN1Uhre2OQXTne8.B8y62OO1vh4OALasBNyl1Toac054puUItVjua', 'SV', 1, '2023-04-14 12:04:06', '2023-04-14 12:04:06', NULL),
(639, '$2a$10$clGxuyUXP6bKcE/wN07iD.mpoveqdcKqW.bgU5K6Ca1.o0zl3DGxm', 'SV', 1, '2023-04-14 12:04:06', '2023-04-14 12:04:06', NULL),
(640, '$2a$10$IKGJuye44I8x5PQT8qcGK.P1OCq73GBEpyMiQ7nlDm6/WVJay22oi', 'SV', 1, '2023-04-14 12:04:06', '2023-04-14 12:04:06', NULL),
(641, '$2a$10$hgBO80kg/8EGppbnPN3OO.mzFo46PfP3jXuvgwjCRl9gwx6USlBHC', 'SV', 1, '2023-04-14 12:04:06', '2023-04-14 12:04:06', NULL),
(642, '$2a$10$cBf4Dr/CiJfbwKN2mRtg4OHwE6oCQFgathCGTYhyuFujSvtN3Sb2y', 'SV', 1, '2023-04-14 12:04:06', '2023-04-14 12:04:06', NULL),
(643, '$2a$10$bIeJU2PJg51vcc0fGnf/kOGYzVffmDjBD1j1WQPBnujz0S.I3S8YW', 'SV', 1, '2023-04-14 12:04:06', '2023-04-14 12:04:06', NULL),
(644, '$2a$10$cVNzctCW6x3ezQzEPe5KV.k/dcKbmVx4SsAo4MiAfbijQEAB7Ac1u', 'SV', 1, '2023-04-14 12:04:06', '2023-04-14 12:04:06', NULL),
(645, '$2a$10$XCKRHgCzNwZu5o3duuYNJOYwZoe2jNVED1YuryDtbeh66KbTJSFKW', 'SV', 1, '2023-04-14 12:04:06', '2023-04-14 12:04:06', NULL),
(646, '$2a$10$0oL6L.ziXFnT0djswdnd7eTELPm022P.l5N0vzf9UqFnuMuXHjGUS', 'SV', 1, '2023-04-14 12:04:06', '2023-04-14 12:04:06', NULL),
(647, '$2a$10$3vp2BlUgrit93RvwRbLaceKS2i1EiMoEbuBdCIX9sDP5mkDFrLMte', 'SV', 1, '2023-04-14 12:04:06', '2023-04-14 12:04:06', NULL),
(648, '$2a$10$Ey4Fm36hcX7sRy9FWXE1heKZ/iafauZ6RruBNJDgePlNdQsum9Wvq', 'SV', 1, '2023-04-14 12:04:06', '2023-04-14 12:04:06', NULL),
(649, '$2a$10$Iv7ssyJ8YA4QmkNKYQ3nourDoW/qq1YR5IqKfKqo8ExqysrDIUn72', 'SV', 1, '2023-04-14 12:04:06', '2023-04-14 12:04:06', NULL),
(650, '$2a$10$suBGGVHLQ0g44XLf3lWaU.3/86T5eDSJe2S1tPddNxfVfJKwR80vG', 'SV', 1, '2023-04-14 12:04:06', '2023-04-14 12:04:06', NULL),
(651, '$2a$10$WniFNgjZvy0payfKy3HhqOH7/den/1WMJdI7RZOTpS1aU/7h.FfL6', 'SV', 1, '2023-04-14 12:04:06', '2023-04-14 12:04:06', NULL),
(652, '$2a$10$CaBGVmsIO0r5iDqHoUZKBOKclsUyvThXgSkKvlg78q01rdCod3Gs2', 'SV', 1, '2023-04-14 12:04:06', '2023-04-14 12:04:06', NULL),
(653, '$2a$10$Wv9NzP4teGH5glVnJl9veOxdXBF.WkxnNDq.0uArB4J2.awLs5cIC', 'SV', 1, '2023-04-14 12:04:06', '2023-04-14 12:04:06', NULL),
(654, '$2a$10$6eZc/2b2FBgKfi3fJ02F2OBL2xq/fXG7XTfO2KFwdzWRpDOe.J982', 'SV', 1, '2023-04-14 12:04:06', '2023-04-14 12:04:06', NULL),
(655, '$2a$10$LtH8XH3V8pnwAY8srj7wvu1T9lx7I/hk5e8b7Aw7hK7KBXtwByL6m', 'SV', 1, '2023-04-14 12:04:06', '2023-04-14 12:04:06', NULL),
(656, '$2a$10$IQLyAQ77yBeFXhPyGJNjVelEKc8c6jrDYZh7q56HPrtlIdmdnEDIW', 'SV', 1, '2023-04-14 12:04:06', '2023-04-14 12:04:06', NULL),
(657, '$2a$10$kt8Jxhv3Isi0gYkOLCjMMu1B6ptAU8uvFPiERQLe2P4vZhffYfUu.', 'SV', 1, '2023-04-14 12:04:06', '2023-04-14 12:04:06', NULL),
(658, '$2a$10$K..M6vc5KhDDhpb1DvJ.Q.1l0qcGrQjklqUWgvat.4Nd7xJGyPm.i', 'SV', 1, '2023-04-14 12:04:06', '2023-04-14 12:04:06', NULL),
(659, '$2a$10$qPdC7Nscbn9oE/JSmmlj8.yWkoHTLUr5ol2I98Dvy0LP5n9NDPu4C', 'SV', 1, '2023-04-14 12:04:06', '2023-04-14 12:04:06', NULL),
(660, '$2a$10$LGRQqg4xaNAwlccgC7eXqOQyeYapTYdOZG4aCyaaTikmPMEHWzhva', 'SV', 1, '2023-04-14 12:04:06', '2023-04-14 12:04:06', NULL),
(661, '$2a$10$b1LYsdDkXgT3S4.zLvq.e.l28hybc3ahRTwUOd7huGbI1n.n.lBxO', 'SV', 1, '2023-04-14 12:04:06', '2023-04-14 12:04:06', NULL),
(662, '$2a$10$0FI0lAq9DbHir9zlEAqbleF8KavCMPyCiKN0e7KzCfBplwjf85j7e', 'SV', 1, '2023-04-14 12:04:06', '2023-04-14 12:04:06', NULL),
(663, '$2a$10$qWkXuNAJVAZlZbV68VcVYekkCSeeTcyUMho/strYHL9AoLpwoGjg2', 'SV', 1, '2023-04-14 12:04:06', '2023-04-14 12:04:06', NULL),
(664, '$2a$10$a3mU3IN82.0xWyVIqAl3hetBGvW1LBWQHczBJagQU2Q6aLHGpuxKi', 'SV', 1, '2023-04-14 12:04:06', '2023-04-14 12:04:06', NULL),
(665, '$2a$10$iaYaH5V3r9R3fLmRiAqgqu2CGSCUSRHo.oKRAjzEO.C.esy2tIbS.', 'SV', 1, '2023-04-14 12:04:06', '2023-04-14 12:04:06', NULL),
(666, '$2a$10$XhjN0UAjsDeM6jaLT7DFxu8VxUdorRgUnbsD80uV2n86dgiP2qdPK', 'SV', 1, '2023-04-14 12:04:06', '2023-04-14 12:04:06', NULL),
(667, '$2a$10$cpN//5ncaDzsLmrjBVZW3uYyhVHP78E9/gj85prZI4yb0ExTlIhGS', 'SV', 1, '2023-04-14 12:04:06', '2023-04-14 12:04:06', NULL),
(668, '$2a$10$Z9Xe9FLZ4ND35hq3mZsrg.ZvNN9F9EwBfhrgkASoRY1B.TKVCJ7Xy', 'SV', 1, '2023-04-14 12:04:06', '2023-04-14 12:04:06', NULL),
(669, '$2a$10$vgDRovNF6cpyrvg4R1SpbO/CI7bgCkbYqsqR/RIz1ewYWX.f2idpy', 'SV', 1, '2023-04-14 12:04:06', '2023-04-14 12:04:06', NULL),
(670, '$2a$10$nl8BF0P2hzB.n4oQG3Y9K..zVRq1gk/Q0kXDMDkQVIUUyHVTiE556', 'SV', 1, '2023-04-14 12:04:06', '2023-04-14 12:04:06', NULL),
(671, '$2a$10$qwjJjrFXHj8oalpoiT13buvkoO1p6rEuzvwI6BvEmJx9anM6qWTpy', 'SV', 1, '2023-04-14 12:04:06', '2023-04-14 12:04:06', NULL),
(672, '$2a$10$y/nw7LdImK/jdzCO5Ul6k.Wx/ZvHM5cgyfcSrZhPdtTApFrUBpFj6', 'SV', 1, '2023-04-14 12:04:06', '2023-04-14 12:04:06', NULL),
(673, '$2a$10$tImQLM7FrfcaR7grAI3UQuD6vWIWleyrN43.eqFc4LK4sDznAeP4i', 'SV', 1, '2023-04-14 14:38:14', '2023-04-14 14:38:14', NULL),
(674, '$2a$10$sL5aEmkA13CgZ7gnpp/BcOgvERT0lVw0jsR9uHvIxEzPhho937KH2', 'SV', 1, '2023-04-14 14:38:14', '2023-04-14 14:38:14', NULL),
(675, '$2a$10$QbpLON4bbav128QVonhfAu.4ZdDoAwN9ceIiQ9ofFqwC4RXBzY.qu', 'SV', 1, '2023-04-14 14:38:14', '2023-04-14 14:38:14', NULL),
(676, '$2a$10$R5t.yGeVqapSoAkvBYiXsuckfddRFTou3MEfuD5Rgy8VWzd9y/e7m', 'SV', 1, '2023-04-14 14:38:14', '2023-04-14 14:38:14', NULL),
(677, '$2a$10$TpHO4jmZf8PX6NWbpoJltuFHMTPUjDIKwIcsS91Xi8puE.ER7tA6y', 'SV', 1, '2023-04-14 14:38:14', '2023-04-14 14:38:14', NULL),
(678, '$2a$10$kXW0i5SCKkbIhP3TFNtny.H1RqTnfi2muFsYy/OmSCzOEwEOxlct6', 'SV', 1, '2023-04-14 14:38:14', '2023-04-14 14:38:14', NULL),
(679, '$2a$10$VleH8T4otKQGooEgujXnXueaetOnOQJlILZnCnqO2GOLuYZcK05bG', 'SV', 1, '2023-04-14 14:38:14', '2023-04-14 14:38:14', NULL),
(680, '$2a$10$6oem/Lz07FihyRQ7YOaqOO9/OI.ybMNhHwPR/HOVC2kdFiRzCLQBC', 'SV', 1, '2023-04-14 14:38:14', '2023-04-14 14:38:14', NULL),
(681, '$2a$10$AsqqQci.yOp0DfTogPL5qeN1DUh5JY1VTEGs/GIgFL5oyvh06hQu.', 'SV', 1, '2023-04-14 14:38:14', '2023-04-14 14:38:14', NULL),
(682, '$2a$10$74SjIdW82tHFp8w8HdYpX.hu5kn6ylGpQ9oaBL62eJICUkJbyrX3y', 'SV', 1, '2023-04-14 14:38:14', '2023-04-14 14:38:14', NULL),
(683, '$2a$10$qad6pD8wgWjr8jG.NvXGUensd11vnf2ucCQ7mI9oiT7BzNF8.pZVS', 'SV', 1, '2023-04-14 14:38:14', '2023-04-14 14:38:14', NULL),
(684, '$2a$10$WFtCkCKX9N2Z/iUDacF1KuOfLrr8oIBzKUAIxWxn1sv8I51xyqM62', 'SV', 1, '2023-04-14 14:38:14', '2023-04-14 14:38:14', NULL),
(685, '$2a$10$1HZ4C6r1CLJuQV1dQa6Ncuc2ASKZZL1BagENUWDyI0ND/mlxIR6Mi', 'SV', 1, '2023-04-14 14:38:14', '2023-04-14 14:38:14', NULL),
(686, '$2a$10$dKuFg0NTbSNF02bMJ7jxy.x2IfzuKklNzpR939W/vbS88LC4o9tAO', 'SV', 1, '2023-04-14 14:38:14', '2023-04-14 14:38:14', NULL),
(687, '$2a$10$jXazIHEYDTD3J4c/.1s1Y.SmC2DRcphIrWFdpW1.OTKI5DE7JxRgi', 'SV', 1, '2023-04-14 14:38:14', '2023-04-14 14:38:14', NULL),
(688, '$2a$10$5guqrh8O8Qi7ljJi6576aOwNpCLyFf02ErRIbaKmhg6X93/xwNHcO', 'SV', 1, '2023-04-14 14:38:14', '2023-04-14 14:38:14', NULL),
(689, '$2a$10$b2IbAJJGc1XFnsOOV2CU1u2FJEPNFVnNFrZhSDX/L/JnqbAXi5Jte', 'SV', 1, '2023-04-14 14:38:14', '2023-04-14 14:38:14', NULL),
(690, '$2a$10$bhI9yp8togxzpLniC6m3aO8cPYRj.w73Yb6RFDwmn9DcJh/OeltGu', 'SV', 1, '2023-04-14 14:38:14', '2023-04-14 14:38:14', NULL),
(691, '$2a$10$dmRIjM5CCNx13HJzL8VTQ.5Nuf1Hml.ozzHadhwqSVwWxF4ec3x0.', 'SV', 1, '2023-04-14 14:38:14', '2023-04-14 14:38:14', NULL),
(692, '$2a$10$XSWoKYzV/Ynb.k/OoY3rHeqyAEsZoHhxXzx7dFr.UzLPe8EGB3C2.', 'SV', 1, '2023-04-14 14:38:14', '2023-04-14 14:38:14', NULL),
(693, '$2a$10$H/HVxjY4oPW1uIGmmNrsOebyRyeqPz4eZ7OYGb/w55P/qOAFK9oLG', 'SV', 1, '2023-04-14 14:38:14', '2023-04-14 14:38:14', NULL),
(694, '$2a$10$EUi3.L3UlPKzevx5C8lIY.3EeuYADc5/hSTbEpsvtFeJ3BqXE2Rkq', 'SV', 1, '2023-04-14 14:38:14', '2023-04-14 14:38:14', NULL),
(695, '$2a$10$WOeAtwpzPY7uhsOEsK.3RuiW0Hx5H3q.51/cEwFSdkM8Xvxlo8fCe', 'SV', 1, '2023-04-14 14:38:14', '2023-04-14 14:38:14', NULL),
(696, '$2a$10$6qpfmA/gYAieTWMsHQPSHe7giXlfTC7mdfTvjYjV2EmckG7ldaSrG', 'SV', 1, '2023-04-14 14:38:14', '2023-04-14 14:38:14', NULL),
(697, '$2a$10$X6TOWZcXnxe.XYs..vojHe52iCftlsvDMLjoZch9SbSyFZ/ByvOp.', 'SV', 1, '2023-04-14 14:38:14', '2023-04-14 14:38:14', NULL),
(698, '$2a$10$MeYydCZDWvYh.X6JUEe8zOuj2TCsUDED5dIx7iSxb9xxC.BDTU.AS', 'SV', 1, '2023-04-14 14:38:14', '2023-04-14 14:38:14', NULL),
(699, '$2a$10$mFW8VSlCLS/0.dG2Rs4h3uWt7jQzX2qmdEuVm2wBSVutmsmHQBV2q', 'SV', 1, '2023-04-14 14:38:14', '2023-04-14 14:38:14', NULL),
(700, '$2a$10$M1/q89gFdwJIzXam3i/irOvfsGEQjYgemtRBXVLvsDwSTqVo5ch6W', 'SV', 1, '2023-04-14 14:38:14', '2023-04-14 14:38:14', NULL),
(701, '$2a$10$ugi/EbAs2yVxiZQIU8xWO.YOcFDEi7RCx6Qe9xtN.2.uQM96/5T.i', 'SV', 1, '2023-04-14 14:38:14', '2023-04-14 14:38:14', NULL),
(702, '$2a$10$WgHp0nPjE1YfSxmak9HeM./Ugk285PUWTpq5zWANwn7RwF2UARkQu', 'SV', 1, '2023-04-14 14:38:14', '2023-04-14 14:38:14', NULL),
(703, '$2a$10$PueH7DFcc0WfWIz/JRQuCeceTvEZHHZ9y/B2IaoxoYxRVUfhPbAMS', 'SV', 1, '2023-04-14 14:38:14', '2023-04-14 14:38:14', NULL),
(704, '$2a$10$gjO6eNJpYX9OY4LfOgp0LOVzdv/YRWiadLYO6ETZLlkdSHVMKuUFS', 'SV', 1, '2023-04-14 14:38:14', '2023-04-14 14:38:14', NULL),
(705, '$2a$10$ceKpjZVbEH6I5hrmSnM9uerY2s7/bE5B2XBDWxlyGAKkSzd2sE4Iq', 'SV', 1, '2023-04-14 14:38:14', '2023-04-14 14:38:14', NULL),
(706, '$2a$10$mJbEeAMPxBlNqGKhascvju9ArqUF/mXMtnHIycGYWDKSYPAxea4gW', 'SV', 1, '2023-04-14 14:38:14', '2023-04-14 14:38:14', NULL),
(707, '$2a$10$2/F/ERkxcouSpiK1h1SZ5eUVqGNYYIeKBIthLJ8agQNCtmlMURLKC', 'SV', 1, '2023-04-14 14:38:14', '2023-04-14 14:38:14', NULL),
(708, '$2a$10$RpDi5CVQdWAsi492h/kUE.1igI3DnWiAqLbWYwC/5Kk.ONEQqYIRe', 'SV', 1, '2023-04-14 14:38:14', '2023-04-14 14:38:14', NULL),
(709, '$2a$10$FpcjIu.JagEjOxcV7WdEWuLCZw0NJ.vj1MRlIkqQG6KmUgUHhAa3y', 'SV', 1, '2023-04-14 14:38:14', '2023-04-14 14:38:14', NULL),
(710, '$2a$10$p2t9qgXK/BKgaLiq7cJFj.GBTHFLuK/LZI8fSztlH/7Qz94b2LIgS', 'SV', 1, '2023-04-14 14:38:14', '2023-04-14 14:38:14', NULL),
(711, '$2a$10$4jTU0MX2jHItMMfcEwa3AeuqKBYC5KgveEAgF1KuTUtMrGd0WWWd6', 'SV', 1, '2023-04-14 14:38:14', '2023-04-14 14:38:14', NULL),
(712, '$2a$10$ENeI9v/t.4Ca3xyToHK3IepNCpyIy0F2ywrMPdf1R4JrYNhj4ruki', 'SV', 1, '2023-04-14 14:38:14', '2023-04-14 14:38:14', NULL),
(713, '$2a$10$H0G1.XbvM9CY3cYK/5Zs3uN3wW3.ZiQmiOwSpT0wgymcFMFNQQF3q', 'SV', 1, '2023-04-14 14:38:14', '2023-04-14 14:38:14', NULL),
(714, '$2a$10$fZNRDPhjWZ8epAQ3jSnu1uhpVdgQpQrm1zLMk9zgNVu9rdrlz//aq', 'SV', 1, '2023-04-14 14:38:14', '2023-04-14 14:38:14', NULL),
(715, '$2a$10$TN2i0ruNO/6eU9HsRvCaDOI6rWBoElgnUsXUyY5wjld1FWECt9tuW', 'SV', 1, '2023-04-14 14:38:14', '2023-04-14 14:38:14', NULL),
(716, '$2a$10$Tsn2v6OrM6bJkcwrD4KE3OdBeB4.Z2jgkbyCVZp9OkbS0tlIutRZa', 'SV', 1, '2023-04-14 14:38:14', '2023-04-14 14:38:14', NULL),
(717, '$2a$10$FQ/SJ/nbv8B19VIAEbniMug1W1DSbem53U8UNor0kkOBkqWhE34OW', 'SV', 1, '2023-04-14 14:38:14', '2023-04-14 14:38:14', NULL),
(718, '$2a$10$ab99aUshl/umA01n8XGuWeE9d7Te8I8zHh1QPWFKNAmYERH9hhJNe', 'SV', 1, '2023-04-14 14:38:14', '2023-04-14 14:38:14', NULL),
(719, '$2a$10$TTDAjmmw/2PtMG1Z5iLhM.sydVM73lBQl5VQO.9vnJ.RgHXkO3Xmy', 'SV', 1, '2023-04-14 14:38:14', '2023-04-14 14:38:14', NULL),
(720, '$2a$10$UxwECvUaeRFu6zHsMqvyPexqe33Sgp.oYxZAod9yCQAPxnCVy0BdO', 'SV', 1, '2023-04-14 14:38:14', '2023-04-14 14:38:14', NULL),
(721, '$2a$10$7i5ksiuu6PlfXERAXii7PeMk94aGAaL0Zw2msPq5oK9AVjvcOAabK', 'SV', 1, '2023-04-14 14:38:14', '2023-04-14 14:38:14', NULL),
(722, '$2a$10$vW3P4ytWo4pXIWdwYQAoQeU.DBXCObX6GYzPTUyeG9QrTo8XH8k12', 'SV', 1, '2023-04-14 14:38:14', '2023-04-14 14:38:14', NULL),
(723, '$2a$10$rb.IgXnlf2Z2kJ.iJFQ3uOvY5Y9v7s8IRS8Iap1AB9Ex8xavWVK8O', 'SV', 1, '2023-04-14 14:38:14', '2023-04-14 14:38:14', NULL),
(724, '$2a$10$RNDSSdVS34l2SeMs7PM6iOqI2EjUbK/ZAeWaPaxMhu4N0Gp0NfaAK', 'SV', 1, '2023-04-14 14:38:14', '2023-04-14 14:38:14', NULL),
(725, '$2a$10$AJqntd/cdkq4gkL.8Oh.6OZ26IhdsTwcMk1HG0OvwBJGvrcgQWncO', 'SV', 1, '2023-04-14 14:38:14', '2023-04-14 14:38:14', NULL),
(726, '$2a$10$QKKofHimXq7yc0nCNgSMKOfETr03l.mbO6FyQ9NgReaBAZSlHUTNi', 'SV', 1, '2023-04-14 14:38:14', '2023-04-14 14:38:14', NULL),
(727, '$2a$10$y8Rsgz4dayNqxszbWyQDk.5XuSlW3sf8ZyMuAwLkI.2.DiwMGttLy', 'SV', 1, '2023-04-18 18:37:57', '2023-04-18 18:37:57', NULL),
(728, '$2a$10$J8fgF2oJ.ZPTPOjtf4.E..YCk92xgF4MyawjX6d71VLfkFKE/Xw..', 'SV', 1, '2023-04-18 18:37:57', '2023-04-18 18:37:57', NULL),
(729, '$2a$10$1eDLJSI9dh/OdfVrMmmlmejwfbdiNWcoqJpJs5Ab9vDsdwt2GvweW', 'SV', 1, '2023-04-18 18:37:57', '2023-04-18 18:37:57', NULL),
(730, '$2a$10$u1lKpODFujgrBNUEi6hfrOJYx/I9TCbNs8lqQ6Nc3dqMoXmC/s2Dy', 'SV', 1, '2023-04-18 18:37:57', '2023-04-18 18:37:57', NULL),
(731, '$2a$10$SoQNkt/MpyeT5t4q44GUvedwd5o3m4t0lBOzKxmhDoGAZjyfYzT2q', 'SV', 1, '2023-04-18 18:37:57', '2023-04-18 18:37:57', NULL),
(732, '$2a$10$SeGxObwCmrFppyyJYHcICuSER3bobCSLniEQHQymSlPAg3vkHxYw6', 'SV', 1, '2023-04-18 18:37:58', '2023-04-18 18:37:58', NULL),
(733, '$2a$10$.kWHboYsbPl2IhCr0aZKm.lRRjkyIvIZFkUEfq3Xejv6jlIgrAOY6', 'SV', 1, '2023-04-18 18:37:57', '2023-04-18 18:37:57', NULL),
(734, '$2a$10$IHoPKXFInx4lMMyY1.KDauAR4EQkxNDVHiJnWFKsSCpeKCRstc0uu', 'SV', 1, '2023-04-18 18:37:57', '2023-04-18 18:37:57', NULL),
(735, '$2a$10$uT7AE/LIY7RkbGWQ7BQZyuaONaH7DyksPbb8H8ZJ4U4.7ffxHO4YG', 'SV', 1, '2023-04-18 18:37:58', '2023-04-18 18:37:58', NULL),
(736, '$2a$10$YPwFWX0xlToQ9VlDdWvk2unTXazxLA7t1w3fuOBOFt8MvFFVQ2KR6', 'SV', 1, '2023-04-18 18:37:58', '2023-04-18 18:37:58', NULL),
(737, '$2a$10$e4IOhtKDZGhupW9VchHOcu8HGW5j/sz7OMvfDCMkTUHiom1hQPDFi', 'SV', 1, '2023-04-18 18:37:58', '2023-04-18 18:37:58', NULL),
(738, '$2a$10$SKOMJtBH8OXusQ0nG05K1eR99aLqk4t4RZhMad59BVdognpYrSlhu', 'SV', 1, '2023-04-18 18:37:58', '2023-04-18 18:37:58', NULL),
(739, '$2a$10$yEq7QhMZgKb/dg3asAV3C.F9vSrfjY3dIQI3WxLTIX7rpn/oxilT.', 'SV', 1, '2023-04-18 18:37:58', '2023-04-18 18:37:58', NULL),
(740, '$2a$10$40ok39gHtwr9DLU6l6JCnO.YVI2iSUAlskfQNyyPP/9hcJ.8t0hTe', 'SV', 1, '2023-04-18 18:37:58', '2023-04-18 18:37:58', NULL),
(741, '$2a$10$PkhIuTJv2q5SnAdRS0tJPeCXfSmiKX.La8d06bAJF1xSDQPztbPTK', 'SV', 1, '2023-04-18 18:37:58', '2023-04-18 18:37:58', NULL),
(742, '$2a$10$wh8xZ2SrSuY.6MzQf1BLq.b9ln2nKg2dN7Hci50Ss/i53fS4vds.C', 'SV', 1, '2023-04-18 18:37:58', '2023-04-18 18:37:58', NULL),
(743, '$2a$10$YIi/0CuYHnFwdd1QTYkG/.Mj8N/UFNxQ6cjjApk2uwEJtWRdj/CeS', 'SV', 1, '2023-04-18 18:37:58', '2023-04-18 18:37:58', NULL),
(744, '$2a$10$ACii2zdZoxLefLtJbemiQOoGndgNguJnodkua8S2WHSoU7UihlV5a', 'SV', 1, '2023-04-18 18:37:58', '2023-04-18 18:37:58', NULL),
(745, '$2a$10$u/Zkz8cWns84qZrmWuIO.u9rXS5Pa/pZdYafy10JQNLa2G/8aN766', 'SV', 1, '2023-04-18 18:37:58', '2023-04-18 18:37:58', NULL),
(746, '$2a$10$o9PpvCdlN8Bn5890u6CoWeSkMg5EcDlftrqL4A/z8lTygRWB7baUK', 'SV', 1, '2023-04-18 18:37:58', '2023-04-18 18:37:58', NULL),
(747, '$2a$10$ixOGUS22qKizPg3EP1XsnuvQ2b2ktr21f2EaIUdLadcr7TYCpALwm', 'SV', 1, '2023-04-18 18:37:58', '2023-04-18 18:37:58', NULL),
(748, '$2a$10$NOngw/hxzvfmTWFMKDKS1u5E6s7uDUk2mXQ/.EoJm4tdtZ.1jJN2W', 'SV', 1, '2023-04-18 18:37:58', '2023-04-18 18:37:58', NULL),
(749, '$2a$10$nVFIg/PjwT6V5mFof2JT6ed9yc.mjIrpmsUfRfxpJYESGIlCCeTPS', 'SV', 1, '2023-04-18 18:37:58', '2023-04-18 18:37:58', NULL),
(750, '$2a$10$k.gPsxnjlz/6GH40EUg57.lw8Zw7kmTmsRJHXstTDMiEnwGd9.0Tu', 'SV', 1, '2023-04-18 18:37:58', '2023-04-18 18:37:58', NULL),
(751, '$2a$10$pc23VYPkdg9TWpNCSCqpaul3HgGO3xiT83jwT22F2TDok6hU2j7YS', 'SV', 1, '2023-04-18 18:37:58', '2023-04-18 18:37:58', NULL),
(752, '$2a$10$MKwY1/yUzfaV4zH9J/TRbe/hRPZDFp03Vk14xCRxCOkhncs0SgVKO', 'SV', 1, '2023-04-18 18:37:58', '2023-04-18 18:37:58', NULL),
(753, '$2a$10$B5ygRocciwsGw9pI3kO9..nEPF3amvSEhg1rcPErwJLatJnYXX/y.', 'SV', 1, '2023-04-18 18:37:58', '2023-04-18 18:37:58', NULL),
(754, '$2a$10$f1ENFrFSQlaTnuTm5uvodeP5fHLh6NftrkyBfkE.buBRXSq03/3gG', 'SV', 1, '2023-04-18 18:37:58', '2023-04-18 18:37:58', NULL),
(755, '$2a$10$WKvoPebdG0FYO2Oklk3y8e/kale9SHcLvtBS3vdZKxCq4tMvbRuyO', 'SV', 1, '2023-04-18 18:37:58', '2023-04-18 18:37:58', NULL),
(756, '$2a$10$T8C2l9f3rbz0ZJyBJNMhN.o6FmY9kOn9VWN4A31gvukgL98rMFHrC', 'SV', 1, '2023-04-18 18:37:58', '2023-04-18 18:37:58', NULL),
(757, '$2a$10$bvuIyvy43dMcQT3FXoDkU.x9ZPsqM0m3Mn687qeCL.KfYajXImmPa', 'SV', 1, '2023-04-18 18:37:58', '2023-04-18 18:37:58', NULL),
(758, '$2a$10$P6BiSVl4r2AhaJFW4FCCIuMmKAPOFgO0VUzaOpR.VGWf8XiGN4k8i', 'SV', 1, '2023-04-18 18:37:58', '2023-04-18 18:37:58', NULL),
(759, '$2a$10$ycI/FpbrTpF.V6ETcsJfOOusPFaEU7CU.czFGxpmGxEJD3z95VIj.', 'SV', 1, '2023-04-18 18:37:58', '2023-04-18 18:37:58', NULL),
(760, '$2a$10$hFPCcDuaszbyH/S736P5nOiEBbdscuoxQu2aKokyBcA2qQ62wV9Pq', 'SV', 1, '2023-04-18 18:37:58', '2023-04-18 18:37:58', NULL),
(761, '$2a$10$Kr/5rrt2YnuQUUXTOSWXeOJORM8kzmvqWbgxr5ypKf6DYtsyGozWi', 'SV', 1, '2023-04-18 18:37:58', '2023-04-18 18:37:58', NULL),
(762, '$2a$10$zz8H563FT.hTlVOZJi771eU5ijxO25FaxtYexQDqVKlKRuSJas81O', 'SV', 1, '2023-04-18 18:37:58', '2023-04-18 18:37:58', NULL),
(763, '$2a$10$bHEhlhEfbWcGkIXk7x7FYuvcDwyUdILnBC.uFX0.ZE0x4./imZ5Ha', 'SV', 1, '2023-04-18 18:37:58', '2023-04-18 18:37:58', NULL),
(764, '$2a$10$p/7KGMORwxWQPhyWN8eEm.pyuOfCvRArS/EpLa7oKnLNkQGgfjz4y', 'SV', 1, '2023-04-18 18:37:58', '2023-04-18 18:37:58', NULL),
(765, '$2a$10$EkFn2s9auBF0iUMXkolVTOig.aqvymM5UZPAn3MiB0M9Rl8V93GNa', 'SV', 1, '2023-04-18 18:37:58', '2023-04-18 18:37:58', NULL),
(766, '$2a$10$JlayF2S6aHX2T5tlHQOeJumBp5gasata0Q1huaQgi3.xiOMluIFrC', 'SV', 1, '2023-04-18 18:37:58', '2023-04-18 18:37:58', NULL),
(767, '$2a$10$OKHUwU2zv1i11rHhIYOfae/vk7BQQYv7Td2KEH0To.FQihQzCx8.2', 'SV', 1, '2023-04-18 18:37:58', '2023-04-18 18:37:58', NULL),
(768, '$2a$10$d/n2HxpLzZUKrTUWm/B/tuZaZ8Z26rfy7bXuWpAHlvIlA644QBuIi', 'SV', 1, '2023-04-18 18:37:58', '2023-04-18 18:37:58', NULL),
(769, '$2a$10$ieoaA1bVrPc.sV.mzOEj9eC9z5Wf7KXCUAoSae88KBKOtjd.YQ6hi', 'SV', 1, '2023-04-18 18:37:58', '2023-04-18 18:37:58', NULL),
(770, '$2a$10$v9Uc3CdRUYtakzINDBdnKezhrAxxpnQaXUvNWDPmUMhJ8TLCS8mvO', 'SV', 1, '2023-04-18 18:37:58', '2023-04-18 18:37:58', NULL),
(771, '$2a$10$XEOyh7MyYUnR4C2.aCGtxeqyahivYOrw3qrNnkw1ulmyIB55yI7hi', 'SV', 1, '2023-04-18 18:37:58', '2023-04-18 18:37:58', NULL),
(772, '$2a$10$3thkf65X42JI86CwzNJij.mzdDLQjHW5JM4AGH0i5JRjtlN9FqCK6', 'SV', 1, '2023-04-18 18:37:58', '2023-04-18 18:37:58', NULL),
(773, '$2a$10$fKSepFBfVa5QPt8ppxHv/OFmoVLYTO8F6xhWM4sFB1SfFawKLXNwm', 'SV', 1, '2023-04-18 18:37:58', '2023-04-18 18:37:58', NULL),
(774, '$2a$10$RHfWy6NfvOXvjv2k9sbGau5Dm7x.t7VMnLpbKysji9CYZTyUYjmbK', 'SV', 1, '2023-04-18 18:37:58', '2023-04-18 18:37:58', NULL),
(775, '$2a$10$iDlDQLcXQ2Ig8LXS9c2UPevU2brDOpbRlKSmStxZ/dFXknkAU5Ppe', 'SV', 1, '2023-04-18 18:37:58', '2023-04-18 18:37:58', NULL),
(776, '$2a$10$.nqfu0uius5W76hG7XwJmOorr5N3KVQJIK56YDo.wTxhL57yClBL2', 'SV', 1, '2023-04-18 18:37:58', '2023-04-18 18:37:58', NULL),
(777, '$2a$10$fQA5rmutkylUts36Z.cQC.OM3/VX7wl8VNgcp61c1ghpupjE0CDcy', 'SV', 1, '2023-04-18 18:37:58', '2023-04-18 18:37:58', NULL),
(778, '$2a$10$VVt.I9tS6RlBTMc4nYZiLehwK6obY5.LaRYrP4sFWQ7ydk8t57hpO', 'SV', 1, '2023-04-18 18:37:58', '2023-04-18 18:37:58', NULL),
(779, '$2a$10$1od4hOdq4OxelRlkF3w8ieYBKu17I/IE1LHrkotoBcS2iMmHPt.Ke', 'SV', 1, '2023-04-18 18:37:58', '2023-04-18 18:37:58', NULL),
(780, '$2a$10$beLrs5SYPcp7XO23xFRUGOsfhh4H6bpdqz66KvZ3txQ.V8P96RxXO', 'SV', 1, '2023-04-18 18:37:58', '2023-04-18 18:37:58', NULL),
(781, '$2a$10$ecM.qi9vW6Yi/q2IFWeyeOav5ovd.Gjd7qOclOS6XZ3msGs7YeRRO', 'SV', 1, '2023-04-18 18:38:59', '2023-04-18 18:38:59', NULL),
(782, '$2a$10$.deD86RUnPj8LpR1SgxpQe2g2swVKrqlErGMwY2KcnfxK/xI2HE/y', 'SV', 1, '2023-04-18 18:38:59', '2023-04-18 18:38:59', NULL),
(783, '$2a$10$EU5KpEewDHKtWWoOzMINC.MdCGnWanfDN.axWsT6DlDLWvlmT6Aay', 'SV', 1, '2023-04-18 18:38:59', '2023-04-18 18:38:59', NULL),
(784, '$2a$10$op2DRHJAx9tIkd33aW/BYuMTdXRpDojnMKgOe7c7ggLF8Brmg8PpC', 'SV', 1, '2023-04-18 18:38:59', '2023-04-18 18:38:59', NULL),
(785, '$2a$10$myXILW4js9SR8tJYrmUgXONJepoEwVNgehGQR7LffstZ./E.GHfq.', 'SV', 1, '2023-04-18 18:38:59', '2023-04-18 18:38:59', NULL),
(786, '$2a$10$PlxOLSGRCo2HNYSBRr2c..xNNtRQBpek6.Sno8ySDpfq4XpMPPrBK', 'SV', 1, '2023-04-18 18:38:59', '2023-04-18 18:38:59', NULL),
(787, '$2a$10$t0vajfLD/1mGEGR9pIBnj.U2WST7mPW6HrAVvakPz9.r3BThcSX3W', 'SV', 1, '2023-04-18 18:38:59', '2023-04-18 18:38:59', NULL),
(788, '$2a$10$8mwynNZu/d7D/DjBcVF/T.cWHQ98vQr4sQxBWAdNCvHTsQX1VKG02', 'SV', 1, '2023-04-18 18:38:59', '2023-04-18 18:38:59', NULL),
(789, '$2a$10$w/SkUiP1gqZdUAn/lgG8LumELeZWaQvw5Uj0j51gN0b35kvz46F3u', 'SV', 1, '2023-04-18 18:38:59', '2023-04-18 18:38:59', NULL),
(790, '$2a$10$EzES5zz1GLpngmVEe8q3luFFWBha1Cvk.JdGVCQRLZ44nRjhS7mJa', 'SV', 1, '2023-04-18 18:38:59', '2023-04-18 18:38:59', NULL),
(791, '$2a$10$II3ovCE74PR0HaUeVHr7GOYuBBfj460lHAbuRTApSh9SbO4nuuxEq', 'SV', 1, '2023-04-18 18:38:59', '2023-04-18 18:38:59', NULL),
(792, '$2a$10$cKW82ake.S7dlRHEYNHXSeNxyy4CmhZyW9y.Esx0RhpHhKPZNozmy', 'SV', 1, '2023-04-18 18:38:59', '2023-04-18 18:38:59', NULL),
(793, '$2a$10$oBzEPoqFP/sYneYa0UucE.xBMUnpKnROe6.WzdA3LGsp9GcG0UEBm', 'SV', 1, '2023-04-18 18:38:59', '2023-04-18 18:38:59', NULL),
(794, '$2a$10$EqFOgVxL7PEIr/dDdglXuu00V8qjd15FUZsMEMzVGrQGR875DFi3G', 'SV', 1, '2023-04-18 18:38:59', '2023-04-18 18:38:59', NULL),
(795, '$2a$10$HJbe58zjaqEIrcp1nF.pzeGioRPIkImOP3X6xqtxKUDTGyvijvCJ2', 'SV', 1, '2023-04-18 18:38:59', '2023-04-18 18:38:59', NULL),
(796, '$2a$10$jQjdbDl0wJzEfZC1I/s8mu8gtmRwOOa2vMglmxftZt.F1.B/0MFjq', 'SV', 1, '2023-04-18 18:38:59', '2023-04-18 18:38:59', NULL),
(797, '$2a$10$tF.BYHxRSyuMIYMcVrTSp.O00TAcd3jbNIjf2eQoOilr1eBo1PYRO', 'SV', 1, '2023-04-18 18:38:59', '2023-04-18 18:38:59', NULL),
(798, '$2a$10$bd37GRtqbyteq5oeV1EMIe7k4.AJYpMwFK29Vj3ZPGeScQkgqjecW', 'SV', 1, '2023-04-18 18:38:59', '2023-04-18 18:38:59', NULL),
(799, '$2a$10$uIx9GSFXI6wCKVS8oaiRNO0XxDzWaZLjAM4qDKLb8LT3/OvoA5f5a', 'SV', 1, '2023-04-18 18:38:59', '2023-04-18 18:38:59', NULL),
(800, '$2a$10$1H4KesuvbNGMmrEX3Ps1AuWAQnxjql1xKmAAaL.jTkl1NxNSRQ84y', 'SV', 1, '2023-04-18 18:38:59', '2023-04-18 18:38:59', NULL),
(801, '$2a$10$wsJpCby4jZ4iTt2aYicMQedD.qns3a8nGQfF6wm02qJgH7bmkKzg2', 'SV', 1, '2023-04-18 18:38:59', '2023-04-18 18:38:59', NULL),
(802, '$2a$10$zIeJ0oIg9xEAeWg1Tsb2tueTvhuwdoPEE3SyaF2iHi9CC4QXpFFOe', 'SV', 1, '2023-04-18 18:38:59', '2023-04-18 18:38:59', NULL),
(803, '$2a$10$gE8QfhlZx2UMQnmZg5TGZedXU4j9/TvTSk8vcXQVRA0VHNwPRA/E2', 'SV', 1, '2023-04-18 18:38:59', '2023-04-18 18:38:59', NULL),
(804, '$2a$10$rpR6hV5y4dJAjVl2aXwgjO25YAMaKRVtGhVG7kWenGE3F5IcaJ83G', 'SV', 1, '2023-04-18 18:38:59', '2023-04-18 18:38:59', NULL),
(805, '$2a$10$yCRlCnLkW3xsZ0/sKzrMtOVs372slqUvvna5zMZDbIXvJnwkMlX.i', 'SV', 1, '2023-04-18 18:38:59', '2023-04-18 18:38:59', NULL),
(806, '$2a$10$vosBi1DwzKpJby2LtqOLr.w2U2IWKEZaU7OHpIzSoX.mFRLHqmTNa', 'SV', 1, '2023-04-18 18:38:59', '2023-04-18 18:38:59', NULL),
(807, '$2a$10$64faHg.6SAZLJoJrmgaxSO10rEeWEjOkYBiPiqOjQqpR05PsStlvK', 'SV', 1, '2023-04-18 18:38:59', '2023-04-18 18:38:59', NULL),
(808, '$2a$10$yqB6kRSpVD.jciVOG9JvVOsRnVdLpiUjgYWk69zlYAwLdQeVodlwq', 'SV', 1, '2023-04-18 18:38:59', '2023-04-18 18:38:59', NULL),
(809, '$2a$10$HGsxPu/3omO7suRu2FtYaOUIsjDntlli1KeVZmpezpsNv2F7H6VVe', 'SV', 1, '2023-04-18 18:38:59', '2023-04-18 18:38:59', NULL),
(810, '$2a$10$KvcLt8aqD6F77BNJX6jJrucAVvlBiG7zMOmrLrm8atrW/muIrYDbe', 'SV', 1, '2023-04-18 18:38:59', '2023-04-18 18:38:59', NULL),
(811, '$2a$10$wdxFM/m0ESjPtF0u3vwXr.2zV5ad1S/0icm/2hKv3/O3U7z6L2zL6', 'SV', 1, '2023-04-18 18:38:59', '2023-04-18 18:38:59', NULL),
(812, '$2a$10$YbtI02MnWJZ2yAagfaMfwO.vQxn8yLdSSGWr2nnJbOj2LPvVn2A92', 'SV', 1, '2023-04-18 18:38:59', '2023-04-18 18:38:59', NULL),
(813, '$2a$10$OQtCLRRhxJx9QvCxtAhX8uRtY5Yh1bID8N.T08C5MdxMREe8/j9Vu', 'SV', 1, '2023-04-18 18:38:59', '2023-04-18 18:38:59', NULL),
(814, '$2a$10$yKTkv1TgSkcRgWfhU10kw.2uxEfON0ttzTTVeFgd1jsUUL84xOhGK', 'SV', 1, '2023-04-18 18:38:59', '2023-04-18 18:38:59', NULL),
(815, '$2a$10$2/VqUbMBlCbwHkz/bhjbBuA.0PzjDf9rgv59sT9Hf/ZBikpjIe4Fa', 'SV', 1, '2023-04-18 18:38:59', '2023-04-18 18:38:59', NULL),
(816, '$2a$10$5ntWaiGxZgGjehs2Ecrwxunt0DxWPuzWyYBxJ.Yj5Zpe/sQSl2OUK', 'SV', 1, '2023-04-18 18:38:59', '2023-04-18 18:38:59', NULL),
(817, '$2a$10$htZj4J8s8QcPl25IBHR3EuC/AIlHMOvHvYzVSxmsMrhtQ2gOrzZO6', 'SV', 1, '2023-04-18 18:38:59', '2023-04-18 18:38:59', NULL),
(818, '$2a$10$qWj6Sn7SKClIxXeL5Wc38.UTwXvyneudnnQs.AqTao.oQLbPDkGcO', 'SV', 1, '2023-04-18 18:38:59', '2023-04-18 18:38:59', NULL),
(819, '$2a$10$4bbBkqQJm4TxV1Kor335TOF6KlSuStyXQi5HOrs3NeZjFwfghACMO', 'SV', 1, '2023-04-18 18:38:59', '2023-04-18 18:38:59', NULL),
(820, '$2a$10$8TV77lS7W303GocKBJpe0evoioZKhHdpaHYr.t5dtoICKFuE27RiW', 'SV', 1, '2023-04-18 18:38:59', '2023-04-18 18:38:59', NULL),
(821, '$2a$10$TW2Rjs3IPMQjcrKQvTKWnuJM42FJXShJr8jAuFQrOY/QNX/8yiPQG', 'SV', 1, '2023-04-18 18:38:59', '2023-04-18 18:38:59', NULL),
(822, '$2a$10$v1USoriF/9SCY1WnfDckJOobgn5zEfq65reTL2jyY/JP8sNoZN716', 'SV', 1, '2023-04-18 18:38:59', '2023-04-18 18:38:59', NULL),
(823, '$2a$10$xkcCj3XKQ0dkXxnoewJjZO5CMo/B6vFk/bd53L9sFo0tf2Dxnbji2', 'SV', 1, '2023-04-18 18:38:59', '2023-04-18 18:38:59', NULL),
(824, '$2a$10$fW4VmhthcGz00wyqhgQ2FOnItvwGio4nCnsEXQQWFxNF1qHoq9CaG', 'SV', 1, '2023-04-18 18:38:59', '2023-04-18 18:38:59', NULL),
(825, '$2a$10$gnI1RWCducyQwqVtJMPEnOvfL2vk9oXN58z0.v0Lq4njt/1GrY3Se', 'SV', 1, '2023-04-18 18:38:59', '2023-04-18 18:38:59', NULL),
(826, '$2a$10$b.fJOUPqLMH3KjLvtrlAMuionoArIsMVYB1R5JKdlVKHNgDeUyRAq', 'SV', 1, '2023-04-18 18:38:59', '2023-04-18 18:38:59', NULL),
(827, '$2a$10$d2dlLqPupVAp04VoAPTHC.5lQ6YROvmFYdkRZQ5zLBTlwiBBdi7ii', 'SV', 1, '2023-04-18 18:38:59', '2023-04-18 18:38:59', NULL),
(828, '$2a$10$B34fXFpyThhHquRi0VqC8uT/et2.jaLuqefOmRcSnM1hWgyVRzwtC', 'SV', 1, '2023-04-18 18:38:59', '2023-04-18 18:38:59', NULL),
(829, '$2a$10$pOcgEoUa11CXRZmxhyuQvestuKx0tMBQS.9fNnPtsTGEiEIeLOBTe', 'SV', 1, '2023-04-18 18:38:59', '2023-04-18 18:38:59', NULL),
(830, '$2a$10$qjMpn4bMqKuI5hpClIxoVeaCCVaTJtEgZM5J23nbwMdFnczCIm4aW', 'SV', 1, '2023-04-18 18:38:59', '2023-04-18 18:38:59', NULL),
(831, '$2a$10$GGeSQM3P3PkABfFHacKt2eO0IAhlkHF97XQak692FORkXG4DpOrGy', 'SV', 1, '2023-04-18 18:38:59', '2023-04-18 18:38:59', NULL),
(832, '$2a$10$oVyCzHukudKwfQ2gwUuoSexNIQu7cjxLEF5/f/E7hSvQm.VVPJEIO', 'SV', 1, '2023-04-18 18:38:59', '2023-04-18 18:38:59', NULL),
(833, '$2a$10$AbUGQ77bdIbmma7zjinS7.7Rdv/4wZjneQ6uXBa7rgZYi75u5/B3.', 'SV', 1, '2023-04-18 18:38:59', '2023-04-18 18:38:59', NULL),
(834, '$2a$10$XL.a9iLsdyN8ISZNvHiFfO54yVJ5G8N2LT5OwabZb4h75xY3pWXLS', 'SV', 1, '2023-04-18 18:38:59', '2023-04-18 18:38:59', NULL),
(835, '$2a$10$vDGr.YbSvhahtD3Pt0o91.tKUrJ/QXnipNGhxFhUsXM5sWkbyBF3C', 'SV', 1, '2023-04-18 18:52:54', '2023-04-18 18:52:54', NULL),
(836, '$2a$10$yNieZmAgaRw17fF13fmo1ekeBKRMNWB1Nt0QtVv3ouhg2s2Uiq5fy', 'SV', 1, '2023-04-18 18:52:54', '2023-04-18 18:52:54', NULL),
(837, '$2a$10$Ec6VmOeluCxRN3hcjR8w..fSkOtMNqhHoaoEMjBWeiQD8u2k5uN6W', 'SV', 1, '2023-04-18 18:52:54', '2023-04-18 18:52:54', NULL),
(838, '$2a$10$ccGvy7NVUcj/XzLCjR4XqOM8zRGInt1cyLVHGw4wqbsYE/UJDXvQS', 'SV', 1, '2023-04-18 18:52:54', '2023-04-18 18:52:54', NULL),
(839, '$2a$10$jRkimW.C07mBVcgB9xKla.XkWi/p7OEJp2IZA0WD8NlNYB3DZygNS', 'SV', 1, '2023-04-18 18:52:54', '2023-04-18 18:52:54', NULL),
(840, '$2a$10$6LYCL0PGEUpnVNN4yUJHxeKChomKC8fUO8Qp6vdZz3yyErlPgn21O', 'SV', 1, '2023-04-18 18:52:54', '2023-04-18 18:52:54', NULL),
(841, '$2a$10$2syu4EflLE0QCMlQogLxH.WlJ5cxJiebs9EhVmr2QHBHL52QqODpy', 'SV', 1, '2023-04-18 18:52:54', '2023-04-18 18:52:54', NULL),
(842, '$2a$10$xFh0ZT2lTJoFb.fHJQNBCOj5ZunongXBexau4DoxaOhEEEGIWxAiK', 'SV', 1, '2023-04-18 18:52:54', '2023-04-18 18:52:54', NULL),
(843, '$2a$10$55kCDVmb4omXWMqUF8xvKO61NdF71M.1Yes3woQom1awZ40ranYNa', 'SV', 1, '2023-04-18 18:52:54', '2023-04-18 18:52:54', NULL),
(844, '$2a$10$AdXQuq.t4edEar.U/XBdrOoGMBor8MaDeZHvNAqKUvDi7knBx6NLC', 'SV', 1, '2023-04-18 18:52:54', '2023-04-18 18:52:54', NULL),
(845, '$2a$10$QuDsHkneVFnWeC2hzLiFzufYd52xXOh1im9kkqLQZfN5G5nx7PsV.', 'SV', 1, '2023-04-18 18:52:54', '2023-04-18 18:52:54', NULL),
(846, '$2a$10$4NDV8bes2vx.s2aanxJ5J.Hq6aYSGcvcqqdVjCXvb7evQZn9cwMJa', 'SV', 1, '2023-04-18 18:52:54', '2023-04-18 18:52:54', NULL),
(847, '$2a$10$mOz2a4.ijE.ZMcErTSESPuMOSzJZ/Q6dMKlxl8m9epFTdLvHqOyum', 'SV', 1, '2023-04-18 18:52:54', '2023-04-18 18:52:54', NULL),
(848, '$2a$10$uA/NFc6hWhyTNBSs7RpBbesFK8HwBhVKELz9xQVtsiuClSvvm97HK', 'SV', 1, '2023-04-18 18:52:54', '2023-04-18 18:52:54', NULL),
(849, '$2a$10$UvwqawJeHtwzXJnl8Md7v.git2afVwN4IaHp3lxonOwTdP3BGhIie', 'SV', 1, '2023-04-18 18:52:54', '2023-04-18 18:52:54', NULL),
(850, '$2a$10$hMwP0CwxaeHr4eZKLaY5qecKj2dQ7y0jmwQZtjTKb6zdaAbIuuCf2', 'SV', 1, '2023-04-18 18:52:54', '2023-04-18 18:52:54', NULL),
(851, '$2a$10$q1nvzFvuJU4EB8cWjFrNxeDWF0eaRiqu/y2g57yS1IdoZWSHQMZ5y', 'SV', 1, '2023-04-18 18:52:54', '2023-04-18 18:52:54', NULL),
(852, '$2a$10$xPIFZebsNi9w/ZU/lfLceOfS7J7ZQb1azjZy3LOn5IUO3LVLYtQsy', 'SV', 1, '2023-04-18 18:52:54', '2023-04-18 18:52:54', NULL),
(853, '$2a$10$kxhYXf9SfluxSXLsxcCSs.zUsaVhCpyaZsDBAF5Ap8p8.36qPySVe', 'SV', 1, '2023-04-18 18:52:54', '2023-04-18 18:52:54', NULL),
(854, '$2a$10$yuae4gro03U6.Y4ynf6wEuMsQ.BQbbfKEMJ3gz6QqWaQPem4kpHiC', 'SV', 1, '2023-04-18 18:52:54', '2023-04-18 18:52:54', NULL),
(855, '$2a$10$B6ZzeOz1OjAn4Um6VxPkQOqYqcE7iLkidwBypMRmylIiNk0mD8YCC', 'SV', 1, '2023-04-18 18:52:54', '2023-04-18 18:52:54', NULL),
(856, '$2a$10$ngy50/iVmvYCS8s.TZ4wIu/6ZMHv3il.hIq0/2XhuHxpPfuqg5YAq', 'SV', 1, '2023-04-18 18:52:54', '2023-04-18 18:52:54', NULL),
(857, '$2a$10$XMjIF3xwm54I.8zFzXzWO.d9DE4cwwUb4thRjyNqqG4h1bdGAPlEa', 'SV', 1, '2023-04-18 18:52:54', '2023-04-18 18:52:54', NULL),
(858, '$2a$10$FAKDuDyhXgpLf5qg30T5zeBXPWAni1TAT2rrf42dm7t3HLycM0t8K', 'SV', 1, '2023-04-18 18:52:54', '2023-04-18 18:52:54', NULL),
(859, '$2a$10$wA1CbVWJLRDhNknzWCgxjuBJ/pDvz0zPl9uJLGugX7DM7.xtaOj22', 'SV', 1, '2023-04-18 18:52:54', '2023-04-18 18:52:54', NULL),
(860, '$2a$10$ZzbSYq/jeFZMJlO1x4P6X.OEyULmWlDIRSoE4OYlA3RPDMUBnHatW', 'SV', 1, '2023-04-18 18:52:54', '2023-04-18 18:52:54', NULL),
(861, '$2a$10$dMrIm2mbPlE4.4ck4TmWyeHdonh/KnGjytGvpe05J4WUZrWFRydkS', 'SV', 1, '2023-04-18 18:52:54', '2023-04-18 18:52:54', NULL),
(862, '$2a$10$4B9JOVJz8C0iheYdToTm1.SYWuUlKOxwAqfyaPpXxTZxHyVTt01.y', 'SV', 1, '2023-04-18 18:52:54', '2023-04-18 18:52:54', NULL),
(863, '$2a$10$Ns7RSp3tJo8Qi1ZDK31Ej.Bua43YJitdkWfrsoH07BbRRuisTYpcW', 'SV', 1, '2023-04-18 18:52:54', '2023-04-18 18:52:54', NULL),
(864, '$2a$10$ZZQw1h7j7bfk25VL2aMZwuIPulCoAGnnO/tsTLAfKt5mY4Yynieii', 'SV', 1, '2023-04-18 18:52:54', '2023-04-18 18:52:54', NULL),
(865, '$2a$10$m9zwPRjpy2n.rfryHPeBr.wNLjC7.tPHyPSSFF.9xL6nSRsiMASeW', 'SV', 1, '2023-04-18 18:52:54', '2023-04-18 18:52:54', NULL),
(866, '$2a$10$uWe0z6HuNa/pAG0aUr8eS.VNRmqNFvgGswrokalx6ys5qbweygx8C', 'SV', 1, '2023-04-18 18:52:54', '2023-04-18 18:52:54', NULL),
(867, '$2a$10$kYWMfEs1jrmwveYfpSjAteUjczwC2SDX/TfJDs7UVNsl983reGK3.', 'SV', 1, '2023-04-18 18:52:54', '2023-04-18 18:52:54', NULL),
(868, '$2a$10$livxYPQdkF7limNLDJ0WB.M9L96Th4xkc8l.nbOLL0kbsVshltug.', 'SV', 1, '2023-04-18 18:52:54', '2023-04-18 18:52:54', NULL),
(869, '$2a$10$PA/3TG2BXZ8rHF6EZDQrEuBJ3lOhEbCAMjFIkXc/yB7KiJicoqbem', 'SV', 1, '2023-04-18 18:52:54', '2023-04-18 18:52:54', NULL),
(870, '$2a$10$t38PI5YF66/05.86xoFjWeyYJ6oJb94tEPLNOGwUH9B3/7uTPiyyu', 'SV', 1, '2023-04-18 18:52:54', '2023-04-18 18:52:54', NULL),
(871, '$2a$10$9BJA6qcXGryTCd1RzH6u8.qXqG5nIYe0kwvafx7i54lCcIZQLbKb2', 'SV', 1, '2023-04-18 18:52:54', '2023-04-18 18:52:54', NULL),
(872, '$2a$10$Qwk4UsFXI/MTSes416aGC.6oHW6H3eoNETfpV6zoNCi9.yk32ZwN6', 'SV', 1, '2023-04-18 18:52:54', '2023-04-18 18:52:54', NULL),
(873, '$2a$10$7xp4s9zQAlW2TjYJKnvHsOGfCpJWBkwfWBc3eCOVpVanLIbgwKohW', 'SV', 1, '2023-04-18 18:52:54', '2023-04-18 18:52:54', NULL),
(874, '$2a$10$J33jopKr3XnlaxMzFUKekuEMCmTcbOHTwFYElcxROFZVl6QjUDLoW', 'SV', 1, '2023-04-18 18:52:54', '2023-04-18 18:52:54', NULL),
(875, '$2a$10$aVpLYKQXzsZ3epbFswcxEepObtAlv.B0RJEHlvQyAFUiQkHJK/J3i', 'SV', 1, '2023-04-18 18:52:54', '2023-04-18 18:52:54', NULL),
(876, '$2a$10$YBu0N7cGD7DTqNcZjcpCxOtB7iTM.zT7hY1HpOPah4J2EAfWdlC6y', 'SV', 1, '2023-04-18 18:52:54', '2023-04-18 18:52:54', NULL),
(877, '$2a$10$fnyWFdqH.sQ1MNJXnzNakeSqQcCszR2CImJugobSPnZJJsPjuckBm', 'SV', 1, '2023-04-18 18:52:54', '2023-04-18 18:52:54', NULL),
(878, '$2a$10$gCyXVTsgoYA/4eDgVzXviOf7wtMSCJyEFTnOqQL6ut5BGXefj3KF2', 'SV', 1, '2023-04-18 18:52:54', '2023-04-18 18:52:54', NULL),
(879, '$2a$10$Y3vwNWpR/XBBcFxPdcTUGunt3.b2ZfN8Tx2KK/zD4QoOJTk7MHN1K', 'SV', 1, '2023-04-18 18:52:54', '2023-04-18 18:52:54', NULL),
(880, '$2a$10$guKGEIH0QZxYycZ2NyqSuu5CDjt6o8KZ0aJiR9vL9VwztrebMbD/O', 'SV', 1, '2023-04-18 18:52:54', '2023-04-18 18:52:54', NULL),
(881, '$2a$10$043ZAIE2jrXS5vNH4ZvhlOqnZi87z9zO1YKW.0y6E0vDQrGCKpFtO', 'SV', 1, '2023-04-18 18:52:54', '2023-04-18 18:52:54', NULL),
(882, '$2a$10$zgqUxXtBgDN9Bd0ScVPB..p16a8o7QLuOp3JvUPjnl80TcYdYjipa', 'SV', 1, '2023-04-18 18:52:54', '2023-04-18 18:52:54', NULL),
(883, '$2a$10$h.irctRLZ.DROnrAKD8PguySKgSkOgGoGhhZUP7.QJ6NZGDHVg5cG', 'SV', 1, '2023-04-18 18:52:54', '2023-04-18 18:52:54', NULL),
(884, '$2a$10$hCa47JfsAnBXHLPk8fdxr.SLoIhk8e//NtTvHZzJFjDkoyl2yE7sO', 'SV', 1, '2023-04-18 18:52:54', '2023-04-18 18:52:54', NULL),
(885, '$2a$10$df/qzUfwLd3YNpL4v8m0h.2Gxu5CAhRSFmVhmE5u8QL9G1RPujha6', 'SV', 1, '2023-04-18 18:52:54', '2023-04-18 18:52:54', NULL),
(886, '$2a$10$drD22w/RGqZDra7WcOTyU.FC3GdDXM4BrefDXaNlKfxYgYmhLijv2', 'SV', 1, '2023-04-18 18:52:54', '2023-04-18 18:52:54', NULL),
(887, '$2a$10$uHAerTujBqP56tSrKHJqB.uONL5Z.OzWPQpMeUTxEaSbqtrpvphN.', 'SV', 1, '2023-04-18 18:52:54', '2023-04-18 18:52:54', NULL),
(888, '$2a$10$df7EupkfHzt4UeHuji7Z6.5RtYFn0gEEwrhoqk1.GeZn0iZH9P85W', 'SV', 1, '2023-04-18 18:52:54', '2023-04-18 18:52:54', NULL);

-- --------------------------------------------------------

--
-- Table structure for table `chapters`
--

CREATE TABLE `chapters` (
  `id` varchar(10) NOT NULL,
  `name` varchar(50) NOT NULL,
  `numberOfQuestions` int(11) NOT NULL DEFAULT 0,
  `createdAt` datetime NOT NULL,
  `updatedAt` datetime NOT NULL,
  `lectureId` varchar(10) DEFAULT NULL
) ENGINE=InnoDB DEFAULT CHARSET=utf8 COLLATE=utf8_general_ci;

--
-- Dumping data for table `chapters`
--

INSERT INTO `chapters` (`id`, `name`, `numberOfQuestions`, `createdAt`, `updatedAt`, `lectureId`) VALUES
('841109-0', 'Chng chung', 114, '2023-04-18 15:42:20', '2023-04-21 12:43:34', '841109'),
('841109-1', 'HTML', 41, '2023-03-18 15:49:49', '2023-03-18 15:49:49', '841109'),
('841109-10', 'test', 0, '2023-04-20 13:37:00', '2023-04-20 13:37:00', '841109'),
('841109-11', 'test', 0, '2023-04-20 13:37:01', '2023-04-20 13:37:01', '841109'),
('841109-12', 'test', 0, '2023-04-20 13:37:01', '2023-04-20 13:37:01', '841109'),
('841109-13', 'test', 0, '2023-04-20 13:37:01', '2023-04-20 13:37:01', '841109'),
('841109-14', 'test', 0, '2023-04-20 13:37:01', '2023-04-20 13:37:01', '841109'),
('841109-15', 'test', 0, '2023-04-20 13:37:01', '2023-04-20 13:37:01', '841109'),
('841109-16', 'test', 0, '2023-04-20 13:37:01', '2023-04-20 13:37:01', '841109'),
('841109-17', 'test', 0, '2023-04-20 13:37:01', '2023-04-20 13:37:01', '841109'),
('841109-2', 'CSS', 20, '2023-03-23 09:17:46', '2023-03-23 09:17:46', '841109'),
('841109-3', 'test', 0, '2023-04-17 23:12:27', '2023-04-17 23:12:27', '841109'),
('841109-4', 'test', 0, '2023-04-20 13:36:59', '2023-04-20 13:36:59', '841109'),
('841109-5', 'test', 0, '2023-04-20 13:37:00', '2023-04-20 13:37:00', '841109'),
('841109-6', 'test', 0, '2023-04-20 13:37:00', '2023-04-20 13:37:00', '841109'),
('841109-7', 'test', 0, '2023-04-20 13:37:00', '2023-04-20 13:37:00', '841109'),
('841109-8', 'test', 0, '2023-04-20 13:37:00', '2023-04-20 13:37:00', '841109'),
('841109-9', 'test', 0, '2023-04-20 13:37:00', '2023-04-20 13:37:00', '841109');

-- --------------------------------------------------------

--
-- Table structure for table `classdetail`
--

CREATE TABLE `classdetail` (
  `id` int(11) NOT NULL,
  `studentId` varchar(10) CHARACTER SET utf8 COLLATE utf8_general_ci NOT NULL,
  `classId` varchar(255) CHARACTER SET utf8 COLLATE utf8_general_ci NOT NULL
) ENGINE=InnoDB DEFAULT CHARSET=utf8mb4 COLLATE=utf8mb4_general_ci;

--
-- Dumping data for table `classdetail`
--

INSERT INTO `classdetail` (`id`, `studentId`, `classId`) VALUES
(334, '3120410167', '841109022-15'),
(415, '3120410167', '841109022-16'),
(449, '3120410167', '841109022-17'),
(527, '3120410167', '841109022-20'),
(554, '3120410167', '841109022-21'),
(632, '3120410167', '841109022-22'),
(662, '3120410167', '841109022-23'),
(209, '3120410167', '841109222-16'),
(262, '3120410167', '841109222-17'),
(716, '3120410167', '841109231-4'),
(784, '3120410167', '841109243-4'),
(877, '3120410167', '841109262-1'),
(823, '3120410167', '841109292-1'),
(337, '3120410251', '841109022-15'),
(390, '3120410251', '841109022-16'),
(467, '3120410251', '841109022-17'),
(504, '3120410251', '841109022-20'),
(566, '3120410251', '841109022-21'),
(609, '3120410251', '841109022-22'),
(671, '3120410251', '841109022-23'),
(222, '3120410251', '841109222-16'),
(276, '3120410251', '841109222-17'),
(805, '3120410251', '841109243-4'),
(892, '3120410251', '841109262-1'),
(838, '3120410251', '841109292-1'),
(338, '3120410277', '841109022-15'),
(422, '3120410277', '841109022-16'),
(464, '3120410277', '841109022-17'),
(499, '3120410277', '841109022-20'),
(569, '3120410277', '841109022-21'),
(637, '3120410277', '841109022-22'),
(674, '3120410277', '841109022-23'),
(220, '3120410277', '841109222-16'),
(278, '3120410277', '841109222-17'),
(731, '3120410277', '841109231-4'),
(795, '3120410277', '841109243-4'),
(895, '3120410277', '841109262-1'),
(839, '3120410277', '841109292-1'),
(343, '3120410293', '841109022-15'),
(394, '3120410293', '841109022-16'),
(470, '3120410293', '841109022-17'),
(503, '3120410293', '841109022-20'),
(574, '3120410293', '841109022-21'),
(612, '3120410293', '841109022-22'),
(670, '3120410293', '841109022-23'),
(229, '3120410293', '841109222-16'),
(282, '3120410293', '841109222-17'),
(734, '3120410293', '841109231-4'),
(796, '3120410293', '841109243-4'),
(917, '3120410293', '841109262-1'),
(841, '3120410293', '841109292-1'),
(325, '3120410293', 'a111'),
(375, '3120410324', '841109022-15'),
(393, '3120410324', '841109022-16'),
(469, '3120410324', '841109022-17'),
(507, '3120410324', '841109022-20'),
(573, '3120410324', '841109022-21'),
(619, '3120410324', '841109022-22'),
(677, '3120410324', '841109022-23'),
(230, '3120410324', '841109222-16'),
(279, '3120410324', '841109222-17'),
(768, '3120410324', '841109243-4'),
(898, '3120410324', '841109262-1'),
(845, '3120410324', '841109292-1'),
(372, '3120410334', '841109022-15'),
(399, '3120410334', '841109022-16'),
(475, '3120410334', '841109022-17'),
(538, '3120410334', '841109022-20'),
(575, '3120410334', '841109022-21'),
(643, '3120410334', '841109022-22'),
(679, '3120410334', '841109022-23'),
(226, '3120410334', '841109222-16'),
(285, '3120410334', '841109222-17'),
(801, '3120410334', '841109243-4'),
(899, '3120410334', '841109262-1'),
(847, '3120410334', '841109292-1'),
(342, '3120410347', '841109022-15'),
(400, '3120410347', '841109022-16'),
(440, '3120410347', '841109022-17'),
(501, '3120410347', '841109022-20'),
(577, '3120410347', '841109022-21'),
(616, '3120410347', '841109022-22'),
(681, '3120410347', '841109022-23'),
(232, '3120410347', '841109222-16'),
(286, '3120410347', '841109222-17'),
(770, '3120410347', '841109243-4'),
(904, '3120410347', '841109262-1'),
(848, '3120410347', '841109292-1'),
(349, '3120410606', '841109022-15'),
(432, '3120410606', '841109022-16'),
(484, '3120410606', '841109022-17'),
(516, '3120410606', '841109022-20'),
(588, '3120410606', '841109022-21'),
(634, '3120410606', '841109022-22'),
(693, '3120410606', '841109022-23'),
(244, '3120410606', '841109222-16'),
(296, '3120410606', '841109222-17'),
(773, '3120410606', '841109243-4'),
(918, '3120410606', '841109262-1'),
(860, '3120410606', '841109292-1'),
(379, '3120410607', '841109022-15'),
(430, '3120410607', '841109022-16'),
(458, '3120410607', '841109022-17'),
(513, '3120410607', '841109022-20'),
(587, '3120410607', '841109022-21'),
(640, '3120410607', '841109022-22'),
(692, '3120410607', '841109022-23'),
(245, '3120410607', '841109222-16'),
(301, '3120410607', '841109222-17'),
(774, '3120410607', '841109243-4'),
(914, '3120410607', '841109262-1'),
(863, '3120410607', '841109292-1'),
(352, '3120410609', '841109022-15'),
(433, '3120410609', '841109022-16'),
(487, '3120410609', '841109022-17'),
(522, '3120410609', '841109022-20'),
(594, '3120410609', '841109022-21'),
(630, '3120410609', '841109022-22'),
(702, '3120410609', '841109022-23'),
(246, '3120410609', '841109222-16'),
(300, '3120410609', '841109222-17'),
(775, '3120410609', '841109243-4'),
(912, '3120410609', '841109262-1'),
(861, '3120410609', '841109292-1'),
(336, '3120560034', '841109022-15'),
(396, '3120560034', '841109022-16'),
(456, '3120560034', '841109022-17'),
(532, '3120560034', '841109022-20'),
(560, '3120560034', '841109022-21'),
(645, '3120560034', '841109022-22'),
(668, '3120560034', '841109022-23'),
(218, '3120560034', '841109222-16'),
(269, '3120560034', '841109222-17'),
(719, '3120560034', '841109231-4'),
(792, '3120560034', '841109243-4'),
(886, '3120560034', '841109262-1'),
(832, '3120560034', '841109292-1'),
(332, '3120560043', '841109022-15'),
(419, '3120560043', '841109022-16'),
(466, '3120560043', '841109022-17'),
(495, '3120560043', '841109022-20'),
(562, '3120560043', '841109022-21'),
(636, '3120560043', '841109022-22'),
(669, '3120560043', '841109022-23'),
(219, '3120560043', '841109222-16'),
(274, '3120560043', '841109222-17'),
(793, '3120560043', '841109243-4'),
(891, '3120560043', '841109262-1'),
(835, '3120560043', '841109292-1'),
(354, '3121410023', '841109022-15'),
(408, '3121410023', '841109022-16'),
(486, '3121410023', '841109022-17'),
(519, '3121410023', '841109022-20'),
(591, '3121410023', '841109022-21'),
(646, '3121410023', '841109022-22'),
(694, '3121410023', '841109022-23'),
(248, '3121410023', '841109222-16'),
(302, '3121410023', '841109222-17'),
(754, '3121410023', '841109231-4'),
(778, '3121410023', '841109243-4'),
(913, '3121410023', '841109262-1'),
(865, '3121410023', '841109292-1'),
(357, '3121410055', '841109022-15'),
(404, '3121410055', '841109022-16'),
(459, '3121410055', '841109022-17'),
(520, '3121410055', '841109022-20'),
(592, '3121410055', '841109022-21'),
(647, '3121410055', '841109022-22'),
(696, '3121410055', '841109022-23'),
(195, '3121410055', '841109222-16'),
(252, '3121410055', '841109222-17'),
(757, '3121410055', '841109231-4'),
(779, '3121410055', '841109243-4'),
(867, '3121410055', '841109262-1'),
(816, '3121410055', '841109292-1'),
(355, '3121410066', '841109022-15'),
(409, '3121410066', '841109022-16'),
(445, '3121410066', '841109022-17'),
(518, '3121410066', '841109022-20'),
(542, '3121410066', '841109022-21'),
(638, '3121410066', '841109022-22'),
(697, '3121410066', '841109022-23'),
(198, '3121410066', '841109222-16'),
(250, '3121410066', '841109222-17'),
(780, '3121410066', '841109243-4'),
(870, '3121410066', '841109262-1'),
(819, '3121410066', '841109292-1'),
(358, '3121410070', '841109022-15'),
(410, '3121410070', '841109022-16'),
(447, '3121410070', '841109022-17'),
(524, '3121410070', '841109022-20'),
(545, '3121410070', '841109022-21'),
(614, '3121410070', '841109022-22'),
(695, '3121410070', '841109022-23'),
(204, '3121410070', '841109222-16'),
(251, '3121410070', '841109222-17'),
(762, '3121410070', '841109243-4'),
(871, '3121410070', '841109262-1'),
(815, '3121410070', '841109292-1'),
(327, '3121410082', '841109022-15'),
(412, '3121410082', '841109022-16'),
(448, '3121410082', '841109022-17'),
(492, '3121410082', '841109022-20'),
(543, '3121410082', '841109022-21'),
(596, '3121410082', '841109022-22'),
(701, '3121410082', '841109022-23'),
(196, '3121410082', '841109222-16'),
(253, '3121410082', '841109222-17'),
(763, '3121410082', '841109243-4'),
(868, '3121410082', '841109262-1'),
(817, '3121410082', '841109292-1'),
(326, '3121410087', '841109022-15'),
(383, '3121410087', '841109022-16'),
(435, '3121410087', '841109022-17'),
(488, '3121410087', '841109022-20'),
(546, '3121410087', '841109022-21'),
(597, '3121410087', '841109022-22'),
(650, '3121410087', '841109022-23'),
(201, '3121410087', '841109222-16'),
(258, '3121410087', '841109222-17'),
(761, '3121410087', '841109243-4'),
(872, '3121410087', '841109262-1'),
(814, '3121410087', '841109292-1'),
(328, '3121410131', '841109022-15'),
(382, '3121410131', '841109022-16'),
(452, '3121410131', '841109022-17'),
(491, '3121410131', '841109022-20'),
(550, '3121410131', '841109022-21'),
(598, '3121410131', '841109022-22'),
(652, '3121410131', '841109022-23'),
(200, '3121410131', '841109222-16'),
(260, '3121410131', '841109222-17'),
(710, '3121410131', '841109231-4'),
(777, '3121410131', '841109243-4'),
(873, '3121410131', '841109262-1'),
(818, '3121410131', '841109292-1'),
(359, '3121410146', '841109022-15'),
(387, '3121410146', '841109022-16'),
(438, '3121410146', '841109022-17'),
(521, '3121410146', '841109022-20'),
(552, '3121410146', '841109022-21'),
(613, '3121410146', '841109022-22'),
(657, '3121410146', '841109022-23'),
(205, '3121410146', '841109222-16'),
(259, '3121410146', '841109222-17'),
(712, '3121410146', '841109231-4'),
(782, '3121410146', '841109243-4'),
(880, '3121410146', '841109262-1'),
(822, '3121410146', '841109292-1'),
(360, '3121410182', '841109022-15'),
(411, '3121410182', '841109022-16'),
(441, '3121410182', '841109022-17'),
(526, '3121410182', '841109022-20'),
(553, '3121410182', '841109022-21'),
(635, '3121410182', '841109022-22'),
(656, '3121410182', '841109022-23'),
(206, '3121410182', '841109222-16'),
(261, '3121410182', '841109222-17'),
(714, '3121410182', '841109231-4'),
(790, '3121410182', '841109243-4'),
(881, '3121410182', '841109262-1'),
(826, '3121410182', '841109292-1'),
(361, '3121410205', '841109022-15'),
(413, '3121410205', '841109022-16'),
(450, '3121410205', '841109022-17'),
(523, '3121410205', '841109022-20'),
(555, '3121410205', '841109022-21'),
(642, '3121410205', '841109022-22'),
(659, '3121410205', '841109022-23'),
(207, '3121410205', '841109222-16'),
(264, '3121410205', '841109222-17'),
(718, '3121410205', '841109231-4'),
(765, '3121410205', '841109243-4'),
(878, '3121410205', '841109262-1'),
(824, '3121410205', '841109292-1'),
(362, '3121410208', '841109022-15'),
(414, '3121410208', '841109022-16'),
(437, '3121410208', '841109022-17'),
(525, '3121410208', '841109022-20'),
(556, '3121410208', '841109022-21'),
(601, '3121410208', '841109022-22'),
(660, '3121410208', '841109022-23'),
(208, '3121410208', '841109222-16'),
(263, '3121410208', '841109222-17'),
(717, '3121410208', '841109231-4'),
(785, '3121410208', '841109243-4'),
(884, '3121410208', '841109262-1'),
(827, '3121410208', '841109292-1'),
(364, '3121410210', '841109022-15'),
(386, '3121410210', '841109022-16'),
(436, '3121410210', '841109022-17'),
(528, '3121410210', '841109022-20'),
(557, '3121410210', '841109022-21'),
(602, '3121410210', '841109022-22'),
(658, '3121410210', '841109022-23'),
(214, '3121410210', '841109222-16'),
(265, '3121410210', '841109222-17'),
(766, '3121410210', '841109243-4'),
(882, '3121410210', '841109262-1'),
(828, '3121410210', '841109292-1'),
(365, '3121410212', '841109022-15'),
(416, '3121410212', '841109022-16'),
(454, '3121410212', '841109022-17'),
(529, '3121410212', '841109022-20'),
(551, '3121410212', '841109022-21'),
(604, '3121410212', '841109022-22'),
(663, '3121410212', '841109022-23'),
(213, '3121410212', '841109222-16'),
(270, '3121410212', '841109222-17'),
(787, '3121410212', '841109243-4'),
(883, '3121410212', '841109262-1'),
(829, '3121410212', '841109292-1'),
(366, '3121410236', '841109022-15'),
(388, '3121410236', '841109022-16'),
(460, '3121410236', '841109022-17'),
(531, '3121410236', '841109022-20'),
(561, '3121410236', '841109022-21'),
(648, '3121410236', '841109022-22'),
(664, '3121410236', '841109022-23'),
(217, '3121410236', '841109222-16'),
(268, '3121410236', '841109222-17'),
(788, '3121410236', '841109243-4'),
(887, '3121410236', '841109262-1'),
(833, '3121410236', '841109292-1'),
(367, '3121410265', '841109022-15'),
(417, '3121410265', '841109022-16'),
(463, '3121410265', '841109022-17'),
(500, '3121410265', '841109022-20'),
(565, '3121410265', '841109022-21'),
(606, '3121410265', '841109022-22'),
(667, '3121410265', '841109022-23'),
(215, '3121410265', '841109222-16'),
(272, '3121410265', '841109222-17'),
(803, '3121410265', '841109243-4'),
(894, '3121410265', '841109262-1'),
(834, '3121410265', '841109292-1'),
(331, '3121410274', '841109022-15'),
(389, '3121410274', '841109022-16'),
(468, '3121410274', '841109022-17'),
(535, '3121410274', '841109022-20'),
(568, '3121410274', '841109022-21'),
(639, '3121410274', '841109022-22'),
(672, '3121410274', '841109022-23'),
(221, '3121410274', '841109222-16'),
(273, '3121410274', '841109222-17'),
(791, '3121410274', '841109243-4'),
(890, '3121410274', '841109262-1'),
(837, '3121410274', '841109292-1'),
(335, '3121410284', '841109022-15'),
(395, '3121410284', '841109022-16'),
(471, '3121410284', '841109022-17'),
(497, '3121410284', '841109022-20'),
(567, '3121410284', '841109022-21'),
(610, '3121410284', '841109022-22'),
(666, '3121410284', '841109022-23'),
(224, '3121410284', '841109222-16'),
(277, '3121410284', '841109222-17'),
(794, '3121410284', '841109243-4'),
(893, '3121410284', '841109262-1'),
(840, '3121410284', '841109292-1'),
(341, '3121410294', '841109022-15'),
(420, '3121410294', '841109022-16'),
(472, '3121410294', '841109022-17'),
(537, '3121410294', '841109022-20'),
(570, '3121410294', '841109022-21'),
(641, '3121410294', '841109022-22'),
(673, '3121410294', '841109022-23'),
(225, '3121410294', '841109222-16'),
(275, '3121410294', '841109222-17'),
(730, '3121410294', '841109231-4'),
(797, '3121410294', '841109243-4'),
(920, '3121410294', '841109262-1'),
(842, '3121410294', '841109292-1'),
(373, '3121410304', '841109022-15'),
(398, '3121410304', '841109022-16'),
(474, '3121410304', '841109022-17'),
(498, '3121410304', '841109022-20'),
(572, '3121410304', '841109022-21'),
(615, '3121410304', '841109022-22'),
(676, '3121410304', '841109022-23'),
(223, '3121410304', '841109222-16'),
(281, '3121410304', '841109222-17'),
(737, '3121410304', '841109231-4'),
(798, '3121410304', '841109243-4'),
(896, '3121410304', '841109262-1'),
(843, '3121410304', '841109292-1'),
(340, '3121410330', '841109022-15'),
(427, '3121410330', '841109022-16'),
(476, '3121410330', '841109022-17'),
(539, '3121410330', '841109022-20'),
(576, '3121410330', '841109022-21'),
(618, '3121410330', '841109022-22'),
(678, '3121410330', '841109022-23'),
(228, '3121410330', '841109222-16'),
(283, '3121410330', '841109222-17'),
(800, '3121410330', '841109243-4'),
(900, '3121410330', '841109262-1'),
(866, '3121410330', '841109292-1'),
(346, '3121410353', '841109022-15'),
(421, '3121410353', '841109022-16'),
(477, '3121410353', '841109022-17'),
(511, '3121410353', '841109022-20'),
(581, '3121410353', '841109022-21'),
(617, '3121410353', '841109022-22'),
(682, '3121410353', '841109022-23'),
(233, '3121410353', '841109222-16'),
(289, '3121410353', '841109222-17'),
(740, '3121410353', '841109231-4'),
(802, '3121410353', '841109243-4'),
(903, '3121410353', '841109262-1'),
(846, '3121410353', '841109292-1'),
(347, '3121410374', '841109022-15'),
(425, '3121410374', '841109022-16'),
(478, '3121410374', '841109022-17'),
(502, '3121410374', '841109022-20'),
(593, '3121410374', '841109022-21'),
(620, '3121410374', '841109022-22'),
(684, '3121410374', '841109022-23'),
(234, '3121410374', '841109222-16'),
(291, '3121410374', '841109222-17'),
(739, '3121410374', '841109231-4'),
(771, '3121410374', '841109243-4'),
(916, '3121410374', '841109262-1'),
(854, '3121410374', '841109292-1'),
(344, '3121410379', '841109022-15'),
(403, '3121410379', '841109022-16'),
(444, '3121410379', '841109022-17'),
(505, '3121410379', '841109022-20'),
(580, '3121410379', '841109022-21'),
(649, '3121410379', '841109022-22'),
(680, '3121410379', '841109022-23'),
(231, '3121410379', '841109222-16'),
(290, '3121410379', '841109222-17'),
(747, '3121410379', '841109231-4'),
(812, '3121410379', '841109243-4'),
(915, '3121410379', '841109262-1'),
(850, '3121410379', '841109292-1'),
(345, '3121410383', '841109022-15'),
(423, '3121410383', '841109022-16'),
(473, '3121410383', '841109022-17'),
(506, '3121410383', '841109022-20'),
(578, '3121410383', '841109022-21'),
(623, '3121410383', '841109022-22'),
(683, '3121410383', '841109022-23'),
(237, '3121410383', '841109222-16'),
(287, '3121410383', '841109222-17'),
(742, '3121410383', '841109231-4'),
(769, '3121410383', '841109243-4'),
(905, '3121410383', '841109262-1'),
(851, '3121410383', '841109292-1'),
(374, '3121410401', '841109022-15'),
(402, '3121410401', '841109022-16'),
(480, '3121410401', '841109022-17'),
(508, '3121410401', '841109022-20'),
(579, '3121410401', '841109022-21'),
(631, '3121410401', '841109022-22'),
(687, '3121410401', '841109022-23'),
(238, '3121410401', '841109222-16'),
(288, '3121410401', '841109222-17'),
(745, '3121410401', '841109231-4'),
(804, '3121410401', '841109243-4'),
(906, '3121410401', '841109262-1'),
(852, '3121410401', '841109292-1'),
(371, '3121410417', '841109022-15'),
(429, '3121410417', '841109022-16'),
(442, '3121410417', '841109022-17'),
(536, '3121410417', '841109022-20'),
(585, '3121410417', '841109022-21'),
(621, '3121410417', '841109022-22'),
(685, '3121410417', '841109022-23'),
(235, '3121410417', '841109222-16'),
(294, '3121410417', '841109222-17'),
(743, '3121410417', '841109231-4'),
(807, '3121410417', '841109243-4'),
(901, '3121410417', '841109262-1'),
(853, '3121410417', '841109292-1'),
(348, '3121410425', '841109022-15'),
(424, '3121410425', '841109022-16'),
(481, '3121410425', '841109022-17'),
(509, '3121410425', '841109022-20'),
(583, '3121410425', '841109022-21'),
(629, '3121410425', '841109022-22'),
(688, '3121410425', '841109022-23'),
(236, '3121410425', '841109222-16'),
(295, '3121410425', '841109222-17'),
(744, '3121410425', '841109231-4'),
(806, '3121410425', '841109243-4'),
(902, '3121410425', '841109262-1'),
(856, '3121410425', '841109292-1'),
(376, '3121410482', '841109022-15'),
(406, '3121410482', '841109022-16'),
(443, '3121410482', '841109022-17'),
(512, '3121410482', '841109022-20'),
(584, '3121410482', '841109022-21'),
(627, '3121410482', '841109022-22'),
(700, '3121410482', '841109022-23'),
(243, '3121410482', '841109222-16'),
(292, '3121410482', '841109222-17'),
(808, '3121410482', '841109243-4'),
(908, '3121410482', '841109262-1'),
(858, '3121410482', '841109292-1'),
(378, '3121410531', '841109022-15'),
(426, '3121410531', '841109022-16'),
(483, '3121410531', '841109022-17'),
(514, '3121410531', '841109022-20'),
(589, '3121410531', '841109022-21'),
(622, '3121410531', '841109022-22'),
(686, '3121410531', '841109022-23'),
(240, '3121410531', '841109222-16'),
(297, '3121410531', '841109222-17'),
(749, '3121410531', '841109231-4'),
(809, '3121410531', '841109243-4'),
(911, '3121410531', '841109262-1'),
(862, '3121410531', '841109292-1'),
(377, '3121410555', '841109022-15'),
(431, '3121410555', '841109022-16'),
(446, '3121410555', '841109022-17'),
(540, '3121410555', '841109022-20'),
(586, '3121410555', '841109022-21'),
(628, '3121410555', '841109022-22'),
(691, '3121410555', '841109022-23'),
(241, '3121410555', '841109222-16'),
(298, '3121410555', '841109222-17'),
(810, '3121410555', '841109243-4'),
(909, '3121410555', '841109262-1'),
(855, '3121410555', '841109292-1'),
(353, '3121410559', '841109022-15'),
(428, '3121410559', '841109022-16'),
(457, '3121410559', '841109022-17'),
(541, '3121410559', '841109022-20'),
(590, '3121410559', '841109022-21'),
(626, '3121410559', '841109022-22'),
(689, '3121410559', '841109022-23'),
(239, '3121410559', '841109222-16'),
(299, '3121410559', '841109222-17'),
(772, '3121410559', '841109243-4'),
(919, '3121410559', '841109262-1'),
(859, '3121410559', '841109292-1'),
(351, '3121410585', '841109022-15'),
(407, '3121410585', '841109022-16'),
(485, '3121410585', '841109022-17'),
(517, '3121410585', '841109022-20'),
(595, '3121410585', '841109022-21'),
(633, '3121410585', '841109022-22'),
(690, '3121410585', '841109022-23'),
(247, '3121410585', '841109222-16'),
(303, '3121410585', '841109222-17'),
(756, '3121410585', '841109231-4'),
(776, '3121410585', '841109243-4'),
(910, '3121410585', '841109262-1'),
(864, '3121410585', '841109292-1'),
(329, '3121560017', '841109022-15'),
(381, '3121560017', '841109022-16'),
(451, '3121560017', '841109022-17'),
(490, '3121560017', '841109022-20'),
(544, '3121560017', '841109022-21'),
(611, '3121560017', '841109022-22'),
(699, '3121560017', '841109022-23'),
(197, '3121560017', '841109222-16'),
(255, '3121560017', '841109222-17'),
(708, '3121560017', '841109231-4'),
(759, '3121560017', '841109243-4'),
(869, '3121560017', '841109262-1'),
(813, '3121560017', '841109292-1'),
(330, '3121560022', '841109022-15'),
(384, '3121560022', '841109022-16'),
(434, '3121560022', '841109022-17'),
(496, '3121560022', '841109022-20'),
(547, '3121560022', '841109022-21'),
(599, '3121560022', '841109022-22'),
(653, '3121560022', '841109022-23'),
(203, '3121560022', '841109222-16'),
(256, '3121560022', '841109222-17'),
(705, '3121560022', '841109231-4'),
(760, '3121560022', '841109243-4'),
(875, '3121560022', '841109262-1'),
(820, '3121560022', '841109292-1'),
(333, '3121560023', '841109022-15'),
(380, '3121560023', '841109022-16'),
(439, '3121560023', '841109022-17'),
(489, '3121560023', '841109022-20'),
(548, '3121560023', '841109022-21'),
(603, '3121560023', '841109022-22'),
(651, '3121560023', '841109022-23'),
(199, '3121560023', '841109222-16'),
(254, '3121560023', '841109222-17'),
(711, '3121560023', '841109231-4'),
(781, '3121560023', '841109243-4'),
(876, '3121560023', '841109262-1'),
(825, '3121560023', '841109292-1'),
(356, '3121560025', '841109022-15'),
(385, '3121560025', '841109022-16'),
(453, '3121560025', '841109022-17'),
(494, '3121560025', '841109022-20'),
(549, '3121560025', '841109022-21'),
(600, '3121560025', '841109022-22'),
(654, '3121560025', '841109022-23'),
(202, '3121560025', '841109222-16'),
(257, '3121560025', '841109222-17'),
(709, '3121560025', '841109231-4'),
(783, '3121560025', '841109243-4'),
(874, '3121560025', '841109262-1'),
(821, '3121560025', '841109292-1'),
(363, '3121560033', '841109022-15'),
(392, '3121560033', '841109022-16'),
(462, '3121560033', '841109022-17'),
(530, '3121560033', '841109022-20'),
(559, '3121560033', '841109022-21'),
(605, '3121560033', '841109022-22'),
(655, '3121560033', '841109022-23'),
(211, '3121560033', '841109222-16'),
(266, '3121560033', '841109222-17'),
(721, '3121560033', '841109231-4'),
(786, '3121560033', '841109243-4'),
(879, '3121560033', '841109262-1'),
(831, '3121560033', '841109292-1'),
(187, '3121560037', '841109222-12'),
(189, '3121560037', '841109222-13'),
(191, '3121560037', '841109222-14'),
(193, '3121560037', '841109222-15'),
(194, '3121560037', '841109222-16'),
(249, '3121560037', '841109222-17'),
(304, '3121560037', '841109222-18'),
(305, '3121560037', '841109222-19'),
(306, '3121560037', '841109222-20'),
(307, '3121560037', '841109222-21'),
(308, '3121560037', '841109222-22'),
(309, '3121560037', '841109222-23'),
(310, '3121560037', '841109222-24'),
(311, '3121560037', '841109222-25'),
(312, '3121560037', '841109222-26'),
(313, '3121560037', '841109222-27'),
(314, '3121560037', '841109222-28'),
(315, '3121560037', '841109222-29'),
(316, '3121560037', '841109222-30'),
(317, '3121560037', '841109222-31'),
(318, '3121560037', '841109222-32'),
(319, '3121560037', '841109222-33'),
(320, '3121560037', '841109222-34'),
(321, '3121560037', '841109222-35'),
(322, '3121560037', '841109222-36'),
(323, '3121560037', '841109222-37'),
(324, '3121560037', '841109222-38'),
(758, '3121560037', 'a111'),
(369, '3121560038', '841109022-15'),
(391, '3121560038', '841109022-16'),
(455, '3121560038', '841109022-17'),
(534, '3121560038', '841109022-20'),
(558, '3121560038', '841109022-21'),
(607, '3121560038', '841109022-22'),
(661, '3121560038', '841109022-23'),
(212, '3121560038', '841109222-16'),
(280, '3121560038', '841109222-17'),
(789, '3121560038', '841109243-4'),
(885, '3121560038', '841109262-1'),
(830, '3121560038', '841109292-1'),
(370, '3121560043', '841109022-15'),
(401, '3121560043', '841109022-16'),
(479, '3121560043', '841109022-17'),
(533, '3121560043', '841109022-20'),
(563, '3121560043', '841109022-21'),
(644, '3121560043', '841109022-22'),
(703, '3121560043', '841109022-23'),
(216, '3121560043', '841109222-16'),
(267, '3121560043', '841109222-17'),
(767, '3121560043', '841109243-4'),
(888, '3121560043', '841109262-1'),
(836, '3121560043', '841109292-1'),
(368, '3121560045', '841109022-15'),
(418, '3121560045', '841109022-16'),
(461, '3121560045', '841109022-17'),
(493, '3121560045', '841109022-20'),
(564, '3121560045', '841109022-21'),
(608, '3121560045', '841109022-22'),
(665, '3121560045', '841109022-23'),
(210, '3121560045', '841109222-16'),
(271, '3121560045', '841109222-17'),
(764, '3121560045', '841109243-4'),
(889, '3121560045', '841109262-1'),
(849, '3121560045', '841109292-1'),
(339, '3121560051', '841109022-15'),
(397, '3121560051', '841109022-16'),
(465, '3121560051', '841109022-17'),
(510, '3121560051', '841109022-20'),
(571, '3121560051', '841109022-21'),
(624, '3121560051', '841109022-22'),
(675, '3121560051', '841109022-23'),
(227, '3121560051', '841109222-16'),
(284, '3121560051', '841109222-17'),
(799, '3121560051', '841109243-4'),
(897, '3121560051', '841109262-1'),
(844, '3121560051', '841109292-1'),
(350, '3121560087', '841109022-15'),
(405, '3121560087', '841109022-16'),
(482, '3121560087', '841109022-17'),
(515, '3121560087', '841109022-20'),
(582, '3121560087', '841109022-21'),
(625, '3121560087', '841109022-22'),
(698, '3121560087', '841109022-23'),
(242, '3121560087', '841109222-16'),
(293, '3121560087', '841109222-17'),
(746, '3121560087', '841109231-4'),
(811, '3121560087', '841109243-4'),
(907, '3121560087', '841109262-1'),
(857, '3121560087', '841109292-1');

-- --------------------------------------------------------

--
-- Table structure for table `classes`
--

CREATE TABLE `classes` (
  `id` varchar(255) NOT NULL,
  `totalStudent` int(11) DEFAULT 0,
  `name` varchar(50) NOT NULL,
  `password` varchar(255) DEFAULT NULL,
  `year` int(11) NOT NULL,
  `semester` tinyint(1) NOT NULL,
  `isLock` tinyint(1) DEFAULT 0,
  `teacherId` varchar(10) DEFAULT NULL,
  `lectureId` varchar(10) DEFAULT NULL
) ENGINE=InnoDB DEFAULT CHARSET=utf8 COLLATE=utf8_general_ci;

--
-- Dumping data for table `classes`
--

INSERT INTO `classes` (`id`, `totalStudent`, `name`, `password`, `year`, `semester`, `isLock`, `teacherId`, `lectureId`) VALUES
('222', 0, '2', '2', 20230301, 2, 0, NULL, '841109'),
('841109022-1', 0, '841109 - Nhm 01 - 2002HK2', '123', 2002, 2, 0, NULL, '841109'),
('841109022-10', 0, '841109 - Nhm 10 - 2002HK2', '112', 2002, 2, 0, '10991', '841109'),
('841109022-11', 0, '841109 - Nhm 11 - 2002HK2', '123', 2002, 2, 1, '10991', '841109'),
('841109022-12', 0, '841109 - Nhm 12 - 2002HK2', '123', 2002, 2, 1, '10991', '841109'),
('841109022-13', 0, '841109 - Nhm 13 - 2002HK2', '', 2002, 2, 1, '10991', '841109'),
('841109022-14', 0, '841109 - Nhm 14 - 2002HK2', '123', 2002, 2, 1, '10991', '841109'),
('841109022-15', 0, '841109 - Nhm 15 - 2002HK2', '123', 2002, 2, 1, '10991', '841109'),
('841109022-16', 0, '841109 - Nhm 16 - 2002HK2', '123', 2002, 2, 1, '10991', '841109'),
('841109022-17', 0, '841109 - Nhm 17 - 2002HK2', '123', 2002, 2, 1, '10991', '841109'),
('841109022-18', 0, '841109 - Nhm 18 - 2002HK2', '123', 2002, 2, 1, '10991', '841109'),
('841109022-19', 0, '841109 - Nhm 19 - 2002HK2', '', 2002, 2, 1, '10991', '841109'),
('841109022-20', 0, '841109 - Nhm 20 - 2002HK2', '123', 2002, 2, 1, '10991', '841109'),
('841109022-21', 0, '841109 - Nhm 21 - 2002HK2', '123', 2002, 2, 1, '10991', '841109'),
('841109022-22', 0, '841109 - Nhm 22 - 2002HK2', '123', 2002, 2, 1, '10991', '841109'),
('841109022-23', 54, '841109 - Nhm 23 - 2002HK2', '123', 2002, 2, 1, '10991', '841109'),
('841109022-4', 0, '841109 - Nhm 4 - 2002HK2', '123', 2002, 2, 0, NULL, '841109'),
('841109022-5', 0, '841109 - Nhm 5 - 2002HK2', '123', 2002, 2, 0, NULL, '841109'),
('841109022-6', 0, '841109 - Nhm 6 - 2002HK2', '123', 2002, 2, 0, NULL, '841109'),
('841109022-7', 0, '841109 - Nhm 7 - 2002HK2', '123', 2002, 2, 1, '10991', '841109'),
('841109022-8', 0, '841109 - Nhm 8 - 2002HK2', '123', 2002, 2, 1, '10991', '841109'),
('841109022-9', 0, '841109 - Nhm 9 - 2002HK2', '123', 2002, 2, 1, '10991', '841109'),
('841109221-1', 0, '841109 - Nhm 1 - 2022HK1', '123456', 2022, 1, 0, NULL, '841109'),
('841109221-2', 0, '841109 - Nhm 2 - 2022HK1', '123456', 2022, 1, 0, NULL, '841109'),
('841109221-3', 0, '841109 - Nhm 3 - 2022HK1', '123456', 2022, 1, 0, NULL, '841109'),
('841109222-1', 0, 'Test', '123', 20220101, 2, 0, NULL, '841109'),
('841109222-10', 1, 'Test', '123', 20220101, 2, 0, NULL, '841109'),
('841109222-11', 1, 'Test', '123', 20220101, 2, 0, NULL, '841109'),
('841109222-12', 1, 'Test', '123', 20220101, 2, 1, '10991', '841109'),
('841109222-13', 1, 'Test', '20052003', 20220101, 2, 1, '10991', '841109'),
('841109222-14', 1, 'Test', '123', 20220101, 2, 0, NULL, '841109'),
('841109222-15', 0, 'Test', '123', 20220101, 2, 0, NULL, '841109'),
('841109222-16', 1, 'Test', '123', 20220101, 2, 1, '10991', '841109'),
('841109222-17', 1, 'Test', '123', 20220101, 2, 0, NULL, '841109'),
('841109222-18', 1, 'Test', '123', 20220101, 2, 0, NULL, '841109'),
('841109222-19', 1, 'Test', '123', 20220101, 2, 0, NULL, '841109'),
('841109222-2', 0, 'Test', '123', 20220101, 2, 0, NULL, '841109'),
('841109222-20', 1, 'Test', '123', 20220101, 2, 0, NULL, '841109'),
('841109222-21', 0, 'Test', '123', 20220101, 2, 0, NULL, '841109'),
('841109222-22', 0, 'Test', '123', 20220101, 2, 0, NULL, '841109'),
('841109222-23', 1, 'Test', '123', 20220101, 2, 0, NULL, '841109'),
('841109222-24', 1, 'Test', '123', 20220101, 2, 0, NULL, '841109'),
('841109222-25', 1, 'Test', '123', 20220101, 2, 0, NULL, '841109'),
('841109222-26', 1, 'Test', '123', 20220101, 2, 0, NULL, '841109'),
('841109222-27', 1, 'Test', '123', 20220101, 2, 0, NULL, '841109'),
('841109222-28', 0, 'Test', '123', 20220101, 2, 0, NULL, '841109'),
('841109222-29', 0, 'Test', '123', 20220101, 2, 0, NULL, '841109'),
('841109222-3', 0, 'Test', '123', 20220101, 2, 0, NULL, '841109'),
('841109222-30', 0, 'Test', '123', 20220101, 2, 0, NULL, '841109'),
('841109222-31', 0, 'Test', '123', 20220101, 2, 0, NULL, '841109'),
('841109222-32', 0, 'Test', '123', 20220101, 2, 0, NULL, '841109'),
('841109222-33', 0, 'Test', '123', 20220101, 2, 0, NULL, '841109'),
('841109222-34', 0, 'Test', '123', 20220101, 2, 0, NULL, '841109'),
('841109222-35', 0, 'Test', '123', 20220101, 2, 0, NULL, '841109'),
('841109222-36', 0, 'Test', '123', 20220101, 2, 0, NULL, '841109'),
('841109222-37', 0, 'Test', '123', 20220101, 2, 0, NULL, '841109'),
('841109222-38', 0, '841109 - Nhm 38 - 2022HK2', '123', 20220101, 2, 0, NULL, '841109'),
('841109222-4', 0, 'Test', '123', 20220101, 2, 0, NULL, '841109'),
('841109222-5', 0, 'Test', '123', 20220101, 2, 0, NULL, '841109'),
('841109222-6', 0, 'Test', '123', 20220101, 2, 0, NULL, '841109'),
('841109222-7', 0, 'Test', '123', 20220101, 2, 0, NULL, '841109'),
('841109222-8', 0, 'Test', '123', 20220101, 2, 0, NULL, '841109'),
('841109222-9', 1, 'Test', '123', 20220101, 2, 0, NULL, '841109'),
('841109231-1', 0, '841109 - Nhm 1 - 2023HK1', '123456', 2023, 1, 1, '10991', '841109'),
('841109231-2', 0, '841109 - Nhm 2 - 2023HK1', '123456', 2023, 1, 1, '10991', '841109'),
('841109231-3', 0, '841109 - Nhm 3 - 2023HK1', 'aaaaa', 2023, 1, 1, '10991', '841109'),
('841109231-4', 54, '841109 - Nhm 4 - 2023HK1', '123456', 2023, 1, 1, '10991', '841109'),
('841109231-6', 1, '123', '123', 20230101, 1, 1, '10991', '841109'),
('841109231-7', 0, '123', '123', 20230101, 1, 1, '10991', '841109'),
('841109231-8', 0, '123', '123', 20230101, 1, 1, '10991', '841109'),
('841109232-1', 0, '841109 - Nhm 01 - 2023HK2', '123456', 20230408, 2, 0, NULL, '841109'),
('841109232-4', 0, '841109 - Nhm 4 - 2023HK2', '123456', 2023, 2, 1, '10991', '841109'),
('841109233-1', 0, '841109 - Nhm 01 - 2023HK3', '1234', 20230415, 3, 0, NULL, '841109'),
('841109241-1', 0, '841109 - Nhm 1 - 2024HK1', '123456', 2024, 1, 1, '10991', '841109'),
('841109241-2', 0, '841109 - Nhm 2 - 2024HK1', '123456', 2024, 1, 1, '10991', '841109'),
('841109241-3', 0, '841109 - Nhm 3 - 2024HK1', '123456', 2024, 1, 0, NULL, '841109'),
('841109243-1', 0, '841109 - Nhm 1 - 2024HK3', '123456', 2024, 3, 1, '10991', '841109'),
('841109243-2', 0, '841109 - Nhm 2 - 2024HK3', '123456', 2024, 3, 1, '10991', '841109'),
('841109243-3', 0, '841109 - Nhm 3 - 2024HK3', '123456', 2024, 3, 1, '10991', '841109'),
('841109243-4', 0, '841109 - Nhm 4 - 2024HK3', '123456', 2024, 3, 1, '10991', '841109'),
('841109262-1', 54, '841109 - Nhm 1 - 2026HK2', '123456', 2026, 2, 1, '10991', '841109'),
('841109292-1', 54, '841109 - Nhm 1 - 2029HK2', '123456', 2029, 2, 1, '10991', '841109'),
('841109302-2', 0, '841109 - Nhm 2 - 2002-10-30HK2', '123', 2002, 2, 0, NULL, '841109'),
('841109302-3', 0, '841109 - Nhm 3 - 2002-10-30HK2', '123', 2002, 2, 0, NULL, '841109'),
('a111', 24, 'dsasd', '1212', 20021030, 1, 1, '10991', '841109'),
('a112', 0, 'Web ng dng 1', '123', 2023, 2, 1, '10991', '841109'),
('a113', 0, 'Web ng dng 1', '123', 2023, 2, 1, '10991', '841109'),
('a114', 0, 'Web ng dng 1', '123', 2023, 2, 1, '10991', '841109');

-- --------------------------------------------------------

--
-- Table structure for table `departments`
--

CREATE TABLE `departments` (
  `id` varchar(10) NOT NULL,
  `name` varchar(50) NOT NULL,
  `createdAt` datetime NOT NULL,
  `updatedAt` datetime NOT NULL,
  `headOfDepartment` varchar(10) DEFAULT NULL
) ENGINE=InnoDB DEFAULT CHARSET=utf8 COLLATE=utf8_general_ci;

--
-- Dumping data for table `departments`
--

INSERT INTO `departments` (`id`, `name`, `createdAt`, `updatedAt`, `headOfDepartment`) VALUES
('', 'Khoa chung', '2023-03-31 08:21:31', '2023-03-31 08:21:31', NULL),
('CT', 'Cng Ngh Thng Tin', '2023-03-18 16:50:20', '2023-03-18 16:50:20', '10991'),
('DV', 'in t vin thng', '2023-03-31 09:57:53', '2023-03-31 09:57:53', NULL),
('GM', 'Gio dc Mm non', '2023-03-31 09:58:38', '2023-03-31 09:58:38', NULL),
('GT', 'Gio dc Tiu hc', '2023-03-31 10:39:38', '2023-03-31 10:39:38', NULL),
('LC', ' Gio dc chnh tr', '2023-03-31 10:26:22', '2023-03-31 10:26:22', NULL),
('LU', 'Lut', '2023-03-31 10:36:05', '2023-03-31 10:36:05', NULL),
('MO', 'Mi Trng', '2023-03-31 09:57:53', '2023-03-31 09:57:53', NULL),
('NN', 'Ngoi ng', '2023-03-31 09:58:38', '2023-03-31 09:58:38', NULL),
('NT', 'Ngh thut', '2023-03-31 10:00:00', '2023-03-31 10:00:00', NULL),
('QD', 'Qun tr Kinh doanh', '2023-03-31 10:00:00', '2023-03-31 10:00:00', NULL),
('QG', 'Gio dc', '2023-03-31 10:00:45', '2023-03-31 10:00:45', NULL),
('TD', 'Ton ng dng', '2023-03-31 10:00:45', '2023-03-31 10:00:45', NULL),
('TE', 'Ti chnh - K ton', '2023-03-31 10:01:32', '2023-03-31 10:01:32', NULL),
('TN', 'SP Khoa hc T nhin', '2023-03-31 10:01:32', '2023-03-31 10:01:32', NULL),
('TT', 'Th vin - Vn phng', '2023-03-31 10:29:07', '2023-03-31 10:29:07', NULL),
('VD', 'Vn ha v Du lch', '2023-03-31 10:02:14', '2023-03-31 10:02:14', NULL),
('XH', 'SP Khoa hc X hi', '2023-03-31 10:02:14', '2023-03-31 10:02:14', NULL);

-- --------------------------------------------------------

--
-- Table structure for table `examchapter`
--

CREATE TABLE `examchapter` (
  `examId` int(11) NOT NULL,
  `chapterId` varchar(10) CHARACTER SET utf8 COLLATE utf8_general_ci NOT NULL
) ENGINE=InnoDB DEFAULT CHARSET=utf8mb4 COLLATE=utf8mb4_general_ci;

--
-- Dumping data for table `examchapter`
--

INSERT INTO `examchapter` (`examId`, `chapterId`) VALUES
(4, '841109-1'),
(4, '841109-2'),
(5, '841109-2');

-- --------------------------------------------------------

--
-- Table structure for table `examresults`
--

CREATE TABLE `examresults` (
  `id` int(11) NOT NULL,
  `createdAt` datetime NOT NULL,
  `updatedAt` datetime NOT NULL
) ENGINE=InnoDB DEFAULT CHARSET=utf8 COLLATE=utf8_general_ci;

-- --------------------------------------------------------

--
-- Table structure for table `exams`
--

CREATE TABLE `exams` (
  `id` int(11) NOT NULL,
  `examId` int(3) NOT NULL,
  `name` varchar(255) NOT NULL,
  `timeStart` datetime DEFAULT NULL,
  `timeEnd` datetime DEFAULT NULL,
  `duration` int(11) DEFAULT NULL,
  `totalQuestions` int(11) NOT NULL,
  `easy` int(11) NOT NULL,
  `hard` int(11) NOT NULL,
  `type` int(11) NOT NULL,
  `isLock` tinyint(1) DEFAULT 0,
  `createdAt` datetime NOT NULL,
  `updatedAt` datetime NOT NULL,
  `classId` varchar(255) CHARACTER SET utf8 COLLATE utf8_general_ci DEFAULT NULL
) ENGINE=InnoDB DEFAULT CHARSET=utf8mb4 COLLATE=utf8mb4_general_ci;

--
-- Dumping data for table `exams`
--

INSERT INTO `exams` (`id`, `examId`, `name`, `timeStart`, `timeEnd`, `duration`, `totalQuestions`, `easy`, `hard`, `type`, `isLock`, `createdAt`, `updatedAt`, `classId`) VALUES
(4, 123, 'Test', '2023-04-17 23:23:50', '2023-04-17 23:23:50', 60, 19, 10, 10, 0, 1, '2023-04-18 15:49:10', '2023-04-23 13:18:31', '841109222-12'),
(5, 123, 'Test', '2023-04-17 23:23:50', '2023-04-17 23:23:50', 60, 20, 10, 10, 0, 0, '2023-04-18 15:51:18', '2023-04-23 13:18:15', 'a111'),
(6, 123, 'Test', '2023-04-17 23:23:50', '2023-04-17 23:23:50', 60, 20, 10, 10, 0, 0, '2023-04-18 15:58:15', '2023-04-18 15:58:15', 'a111'),
(7, 123, 'Test', '2023-04-17 23:23:50', '2023-04-17 23:23:50', 60, 20, 10, 10, 0, 0, '2023-04-18 18:10:43', '2023-04-18 18:10:43', 'a111'),
(27, 0, '123', '2023-04-01 16:00:00', '2023-04-01 16:00:00', 30, 20, 10, 10, 0, 0, '2023-04-20 18:24:41', '2023-04-20 18:24:41', '841109222-12'),
(28, 0, '123', '2023-04-01 16:00:00', '2023-04-01 16:00:00', 30, 20, 10, 10, 0, 0, '2023-04-20 18:26:18', '2023-04-20 18:26:18', '841109222-12'),
(29, 0, '123', '2023-04-01 16:00:00', '2023-04-01 16:00:00', 30, 20, 10, 10, 0, 0, '2023-04-20 18:31:16', '2023-04-20 18:31:16', '841109222-12'),
(30, 0, '123', '2023-04-01 16:00:00', '2023-04-01 16:00:00', 30, 20, 10, 10, 0, 0, '2023-04-20 18:31:30', '2023-04-20 18:31:30', '841109222-12'),
(31, 0, '123', '2023-04-01 16:00:00', '2023-04-01 16:00:00', 30, 20, 10, 10, 0, 0, '2023-04-20 19:07:03', '2023-04-20 19:07:03', '841109222-12'),
(32, 0, '123', '2023-04-01 16:00:00', '2023-04-01 16:00:00', 30, 20, 10, 10, 0, 0, '2023-04-20 19:09:45', '2023-04-20 19:09:45', '841109222-12'),
(33, 0, '123', '2023-04-01 16:00:00', '2023-04-01 16:00:00', 30, 20, 10, 10, 0, 0, '2023-04-20 19:11:20', '2023-04-20 19:11:20', '841109222-12'),
(34, 123, 'exam 01', '2023-04-21 14:29:00', '2023-04-21 16:29:00', 30, 2, 2, 0, 0, 0, '2023-04-21 12:30:49', '2023-04-23 12:35:31', '841109022-12'),
(35, 123, '123', '2023-03-26 12:36:00', '2023-03-27 12:36:00', 123, 2, 1, 1, 0, 0, '2023-04-21 12:37:17', '2023-04-21 12:37:17', '841109022-12'),
(36, 123, '123', '2023-03-26 12:36:00', '2023-03-27 12:36:00', 123, 2, 1, 1, 0, 0, '2023-04-21 12:38:21', '2023-04-21 12:38:21', '841109022-12'),
(37, 123, '123', '2023-03-26 12:36:00', '2023-03-27 12:36:00', 123, 2, 1, 1, 0, 0, '2023-04-21 12:40:53', '2023-04-21 12:40:53', '841109022-12'),
(38, 123, 'exam 01', '2023-04-21 14:29:00', '2023-04-21 16:29:00', 30, 2, 2, 0, 0, 0, '2023-04-21 12:43:34', '2023-04-21 12:43:34', '841109222-12');

-- --------------------------------------------------------

--
-- Table structure for table `functiondetail`
--

CREATE TABLE `functiondetail` (
  `permissiongroupId` int(11) NOT NULL,
  `functionId` int(11) NOT NULL
) ENGINE=InnoDB DEFAULT CHARSET=utf8 COLLATE=utf8_general_ci;

-- --------------------------------------------------------

--
-- Table structure for table `functions`
--

CREATE TABLE `functions` (
  `id` int(11) NOT NULL,
  `descripton` varchar(255) NOT NULL,
  `createdAt` datetime NOT NULL,
  `updatedAt` datetime NOT NULL,
  `path` varchar(255) NOT NULL,
  `method` varchar(255) NOT NULL
) ENGINE=InnoDB DEFAULT CHARSET=utf8 COLLATE=utf8_general_ci;

--
-- Dumping data for table `functions`
--

INSERT INTO `functions` (`id`, `descripton`, `createdAt`, `updatedAt`, `path`, `method`) VALUES
(1, 'ssss', '2023-03-27 08:11:55', '2023-03-27 08:11:55', 'classes', 'GET'),
(2, 'Thm lp', '2023-03-28 10:09:47', '2023-03-28 10:09:47', 'classes', 'POST'),
(3, 'Sa lp', '2023-03-28 10:10:26', '2023-03-28 10:10:26', 'classes', 'PUT'),
(4, 'Xa lp', '2023-03-28 10:10:53', '2023-03-28 10:10:53', 'classes', 'DELETE'),
(5, 'Ly chi tit 1 lp', '2023-03-28 12:34:20', '2023-03-28 12:34:20', 'class', 'GET'),
(6, 'Thm chi tit 1 lp', '2023-03-30 04:41:52', '2023-03-30 04:41:52', 'class', 'POST'),
(7, 'Sa chi tit 1 lp', '2023-03-30 04:41:52', '2023-03-30 04:41:52', 'class', 'PUT');

-- --------------------------------------------------------

--
-- Table structure for table `lecturedetail`
--

CREATE TABLE `lecturedetail` (
  `createdAt` datetime NOT NULL,
  `updatedAt` datetime NOT NULL,
  `majorId` varchar(10) NOT NULL,
  `lectureId` varchar(10) NOT NULL
) ENGINE=InnoDB DEFAULT CHARSET=utf8 COLLATE=utf8_general_ci;

--
-- Dumping data for table `lecturedetail`
--

INSERT INTO `lecturedetail` (`createdAt`, `updatedAt`, `majorId`, `lectureId`) VALUES
('2023-04-17 23:23:50', '2023-04-17 23:23:50', 'DKP', '123'),
('2023-03-18 17:07:02', '2023-03-18 17:07:02', 'DKP', '841109');

-- --------------------------------------------------------

--
-- Table structure for table `lectures`
--

CREATE TABLE `lectures` (
  `id` varchar(10) NOT NULL,
  `name` varchar(255) NOT NULL,
  `credits` tinyint(1) NOT NULL,
  `totalChapters` int(11) NOT NULL DEFAULT 0,
  `createdAt` datetime NOT NULL,
  `updatedAt` datetime NOT NULL
) ENGINE=InnoDB DEFAULT CHARSET=utf8 COLLATE=utf8_general_ci;

--
-- Dumping data for table `lectures`
--

INSERT INTO `lectures` (`id`, `name`, `credits`, `totalChapters`, `createdAt`, `updatedAt`) VALUES
('123', 'test', 3, 0, '2023-04-17 23:23:50', '2023-04-17 23:23:50'),
('841109', 'Web1\r\n', 4, 6, '2023-03-18 15:49:49', '2023-03-18 15:49:49');

-- --------------------------------------------------------

--
-- Table structure for table `majors`
--

CREATE TABLE `majors` (
  `id` varchar(10) NOT NULL,
  `name` varchar(50) NOT NULL,
  `createdAt` datetime NOT NULL,
  `updatedAt` datetime NOT NULL,
  `departmentId` varchar(10) DEFAULT NULL
) ENGINE=InnoDB DEFAULT CHARSET=utf8 COLLATE=utf8_general_ci;

--
-- Dumping data for table `majors`
--

INSERT INTO `majors` (`id`, `name`, `createdAt`, `updatedAt`, `departmentId`) VALUES
('DAN', 'Ngn ng Anh', '2023-03-31 10:57:34', '2023-03-31 10:57:34', 'NN'),
('DCM', 'Cng ngh K thut Mi trng', '2023-03-31 10:57:34', '2023-03-31 10:57:34', 'MO'),
('DCT', 'Cng Ngh Thng Tin', '2023-03-31 07:19:22', '2023-03-31 07:19:22', 'CT'),
('DCV', 'Cng ngh k thut in t - vin thng', '2023-03-31 10:13:18', '2023-03-31 10:13:18', 'DV'),
('DDE', 'K thut in', '2023-03-31 10:13:18', '2023-03-31 10:13:18', 'DV'),
('DDI', 'SP a l', '2023-03-31 10:30:14', '2023-03-31 10:30:14', 'XH'),
('DDL', 'Du lch', '2023-03-31 10:57:34', '2023-03-31 10:57:34', 'VD'),
('DDV', 'K thut in t - vin thng', '2023-03-31 10:13:18', '2023-03-31 10:13:18', 'DV'),
('DGD', 'Gio dc Chnh tr', '2023-03-31 10:27:27', '2023-03-31 10:27:27', 'LC'),
('DGM', 'Gio dc Mm non', '2023-03-31 10:30:14', '2023-03-31 10:30:14', 'GM'),
('DGT', 'Gio dc Tiu hc', '2023-03-31 10:57:34', '2023-03-31 10:57:34', 'GT'),
('DHO', 'SP Ha', '2023-03-31 10:13:18', '2023-03-31 10:13:18', 'TN'),
('DKD', 'Cng ngh K thut in, in t', '2023-03-31 10:13:18', '2023-03-31 10:13:18', 'DV'),
('DKE', 'K ton', '2023-03-31 10:12:11', '2023-03-31 10:12:11', 'TE'),
('DKH', 'SP Khoa hc t nhin', '2023-03-31 10:13:18', '2023-03-31 10:13:18', 'TN'),
('DKM', 'Khoa hc mi trng', '2023-03-31 10:57:34', '2023-03-31 10:57:34', 'MO'),
('DKP', 'K Thut Phn Mm', '2023-03-18 16:51:30', '2023-03-18 16:51:30', 'CT'),
('DLD', 'SP Lch s - a l', '2023-03-31 10:30:14', '2023-03-31 10:30:14', 'XH'),
('DLI', 'SP Vt l', '2023-03-31 10:13:18', '2023-03-31 10:13:18', 'TN'),
('DLU', 'Lut', '2023-03-31 10:36:19', '2023-03-31 10:36:19', 'LU'),
('DMI', 'SP M thut', '2023-03-31 10:13:18', '2023-03-31 10:13:18', 'NT'),
('DNA', 'Thanh nhc', '2023-03-31 10:13:18', '2023-03-31 10:13:18', 'NT'),
('DNH', 'SP m nhc', '2023-03-31 10:13:18', '2023-03-31 10:13:18', 'NT'),
('DQG', 'Qun l Gio dc', '2023-03-31 10:36:19', '2023-03-31 10:36:19', 'QG'),
('DQK', 'Qun tr kinh doanh', '2023-03-31 10:57:34', '2023-03-31 10:57:34', 'QD'),
('DQT', 'Quc t hc', '2023-03-31 10:57:34', '2023-03-31 10:57:34', 'VD'),
('DQV', 'Qun tr vn phng', '2023-03-31 10:29:23', '2023-03-31 10:29:23', 'TT'),
('DSA', 'SP Ting Anh', '2023-03-31 10:57:34', '2023-03-31 10:57:34', 'NN'),
('DSI', 'SP Sinh hc', '2023-03-31 10:13:18', '2023-03-31 10:13:18', 'TN'),
('DSU', 'SP Lch s', '2023-03-31 10:30:14', '2023-03-31 10:30:14', 'XH'),
('DTL', 'Tm l hc', '2023-03-31 10:36:19', '2023-03-31 10:36:19', 'QG'),
('DTN', 'Ti chnh - Ngn hng', '2023-03-31 10:12:11', '2023-03-31 10:12:11', 'TE'),
('DTO', 'SP Ton', '2023-03-31 10:57:34', '2023-03-31 10:57:34', 'TD'),
('DTT', 'Thng tin - Th vin', '2023-03-31 10:29:23', '2023-03-31 10:29:23', 'TT'),
('DTU', 'Ton ng dng', '2023-03-31 10:09:06', '2023-03-31 10:09:06', 'TD'),
('DVA', 'SP Ng vn', '2023-03-31 10:30:14', '2023-03-31 10:30:14', 'XH'),
('DVI', 'Vit Nam hc', '2023-03-31 10:57:34', '2023-03-31 10:57:34', 'VD');

-- --------------------------------------------------------

--
-- Table structure for table `notifications`
--

CREATE TABLE `notifications` (
  `id` int(11) NOT NULL,
  `description` varchar(255) NOT NULL,
  `createdAt` datetime NOT NULL,
  `updatedAt` datetime NOT NULL,
  `classId` varchar(255) DEFAULT NULL
) ENGINE=InnoDB DEFAULT CHARSET=utf8 COLLATE=utf8_general_ci;

-- --------------------------------------------------------

--
-- Table structure for table `permissiongroups`
--

CREATE TABLE `permissiongroups` (
  `id` int(11) NOT NULL,
  `name` varchar(255) NOT NULL,
  `createdAt` datetime NOT NULL,
  `updatedAt` datetime NOT NULL
) ENGINE=InnoDB DEFAULT CHARSET=utf8 COLLATE=utf8_general_ci;

--
-- Dumping data for table `permissiongroups`
--

INSERT INTO `permissiongroups` (`id`, `name`, `createdAt`, `updatedAt`) VALUES
(1, 'GV', '2023-03-27 03:18:48', '2023-03-27 03:18:48'),
(2, 'SV', '2023-03-28 05:07:33', '2023-03-28 05:07:33');

-- --------------------------------------------------------

--
-- Table structure for table `questions`
--

CREATE TABLE `questions` (
  `id` int(11) NOT NULL,
  `correctAns` varchar(1) NOT NULL,
  `description` varchar(255) NOT NULL,
  `answerA` varchar(255) NOT NULL,
  `answerB` varchar(255) NOT NULL,
  `answerC` varchar(255) NOT NULL,
  `answerD` varchar(255) NOT NULL,
  `createdAt` datetime NOT NULL,
  `updatedAt` datetime NOT NULL,
  `chapterId` varchar(10) DEFAULT NULL,
  `status` int(11) NOT NULL DEFAULT 0,
  `deletedAt` datetime DEFAULT NULL,
  `level` int(1) NOT NULL
) ENGINE=InnoDB DEFAULT CHARSET=utf8 COLLATE=utf8_general_ci;

--
-- Dumping data for table `questions`
--

INSERT INTO `questions` (`id`, `correctAns`, `description`, `answerA`, `answerB`, `answerC`, `answerD`, `createdAt`, `updatedAt`, `chapterId`, `status`, `deletedAt`, `level`) VALUES
(11111, 'A', 'HTML l g ?', 'Ngn ng nh du siu vn bn', 'Ngn ng lp trnh bc thp', 'Ngn ng nh du vn bn', 'Ngn ng lp trnh bc cao', '2023-03-18 15:49:49', '2023-03-18 15:49:49', '841109-1', 0, NULL, 0),
(11112, 'B', 'C bao nhiu cch lin kt file CSS', '4', '3', '1', '2', '2023-03-18 15:49:49', '2023-03-18 15:49:49', '841109-1', 0, NULL, 0),
(11113, 'C', 'T HTML l t vit tt ca t no?', 'Hyperlinks and Text Markup Language', 'Home Tool Markup Language', 'Hyper Text Markup Language', 'Tt c u sai', '2023-03-21 05:49:01', '2023-03-21 05:49:01', '841109-1', 0, NULL, 1),
(11114, 'A', 'Ai (t chc no) to ra Web standards', 'The World Wide Web Consortium', 'Microsoft', 'Netscape', 'Tt c u sai', '2023-03-21 05:51:11', '2023-03-21 05:51:11', '841109-1', 0, NULL, 0),
(11115, 'B', 'u l tag  xung dng trong web?', '<lb>', '<br>', '<break>', '<enter>', '2023-03-21 05:51:11', '2023-03-21 05:51:11', '841109-1', 0, NULL, 1),
(11116, 'C', 'u l tag to ra ra ch in nghing?', '<ii>', '<italics>', '<i>', '<strong>', '2023-03-21 05:53:41', '2023-03-21 05:53:41', '841109-1', 0, NULL, 0),
(11117, 'B', 'u l tag to ra tiu  web kch c ln nht. ', '<heading> ', '<h1>', '<h6>', '<head>', '2023-03-21 05:53:42', '2023-03-21 05:53:42', '841109-1', 0, NULL, 0),
(11118, 'B', 'u l tag to ra lin kt n email?', '<a href=\"xxx@yyy\">', '<a href=\"mailto:xxx@yyy\">', '<mail>xxx@yyy</mail> ', '<mail href=\"xxx@yyy\"> ', '2023-03-21 05:53:42', '2023-03-21 05:53:42', '841109-1', 0, NULL, 0),
(11119, 'C', 'u l tag cn l tri cho ni dung 1  trong bng ', '<tdleft>', '<td valign=\"left\"> ', '<td align=\"left\"> ', '<td leftalign>', '2023-03-21 05:53:42', '2023-03-21 05:53:42', '841109-1', 0, NULL, 0),
(11120, 'C', 'u l tag to ra 1 danh sch ng u bng s ', '<ul>', '<list> ', '<ol> ', '<dl> ', '2023-03-21 05:53:42', '2023-03-21 05:53:42', '841109-1', 0, NULL, 1),
(11121, 'B', 'u l tag to ra 1 danh sch ng u bi du chm? ', '<list> ', '<ul>', '<ol>', '<dl>', '2023-03-21 05:53:42', '2023-03-21 05:53:42', '841109-1', 0, NULL, 1),
(11122, 'D', 'Tag no to ra 1 checkbox? ', '<check> ', '<input type=\"check\"> ', '<checkbox> ', '<input type=\"checkbox\"> ', '2023-03-21 05:53:42', '2023-03-21 05:53:42', '841109-1', 0, NULL, 0),
(11123, 'C', 'Tag no to ra 1 text input field?', '<textfield> ', '<textinput type=\"text\"> ', '<input type=\"text\">', '<input type=\"textfield\"> ', '2023-03-21 05:53:42', '2023-03-21 05:53:42', '841109-1', 0, NULL, 0),
(11124, 'A', 'Tag no to ra 1 drop-down list? ', '<select> ', '<list> ', '<input type=\"dropdown\">', '<input type=\"list\">', '2023-03-21 05:53:42', '2023-03-21 05:53:42', '841109-1', 0, NULL, 0),
(11125, 'C', 'Tag no dng  chn 1 hnh vo web?', '<image src=\"image.gif\"> ', '<img>image.gif</img>', '<img src=\"image.gif\">', '<img href=\"image.gif> ', '2023-03-21 05:53:42', '2023-03-21 05:53:42', '841109-1', 0, NULL, 0),
(11126, 'A', 'JavaScript l ngn ng x l :', 'Client', 'Server', 'Server/client ', 'Khng c dng no. ', '2023-03-21 06:10:22', '2023-03-21 06:10:22', '841109-1', 0, NULL, 0),
(11127, 'B', 'Javascript l ngn ng thng dch hay bin dch ', 'Thng dch ', 'Bin dch', 'C hai dng', 'Khng c dng no  trn', '2023-03-21 06:10:22', '2023-03-21 06:10:22', '841109-1', 0, NULL, 0),
(11128, 'A', 'JavaScript c bt u bng? ', '<scritp> </script> ', '<Javascript> <Javascript> ', '<java> </java>', 'Tt c cc dng trn. ', '2023-03-21 06:18:49', '2023-03-21 06:18:49', '841109-1', 0, NULL, 0),
(11129, 'A', 'Javascript c cc dng bin? ', 'Number, String, Boolean ', 'Number, Integer, char ', 'Number, String, Boolean, Null ', 'Tt c cc loi trn. ', '2023-03-21 06:18:50', '2023-03-21 06:18:50', '841109-1', 0, NULL, 1),
(11130, 'B', 'Trong Javascript hm parseInt() dng  lm g?', 'Chuyn mt chui thnh s ', 'Chuyn mt chui thnh s nguyn ', 'Chuyn mt chui thnh s thc', 'Chuyn mt s nguyn thnh mt chui', '2023-03-21 06:18:50', '2023-03-21 06:18:50', '841109-1', 0, NULL, 0),
(11131, 'B', 'Trong Javascript hm parseFloat() dng  lm g?', 'Chuyn mt chui thnh s ', 'Chuyn mt chui thnh s thc', 'Chuyn mt chui thnh s nguyn', 'Chuyn mt s nguyn thnh mt chui ', '2023-03-21 06:18:50', '2023-03-21 06:18:50', '841109-1', 0, NULL, 0),
(11132, 'A', 'Lnh prompt trong Javascript  lm g?', 'Hin mt thng bo nhp thng tin ', 'Hin mt thng bo dng yes, No', 'C hai dng trn ', 'Khng c lnh no ng ', '2023-03-21 06:18:50', '2023-03-21 06:18:50', '841109-1', 0, NULL, 0),
(11133, 'A', 'Trong Javascript s kin Onload thc hin khi:', 'Khi bt u chng trnh chy ', 'Khi click chut', 'Khi di chuyn chut qua. ', 'Khi kt thc mt chng trnh', '2023-03-21 06:18:50', '2023-03-21 06:18:50', '841109-1', 0, NULL, 0),
(11134, 'C', 'Trong Javascript s kin OnUnload thc hin khi no?', 'Khi bt u chng trnh chy ', 'Khi click chut ', 'Khi kt thc mt chng trnh', 'Khi di chuyn chut qua', '2023-03-21 06:18:50', '2023-03-21 06:18:50', '841109-1', 0, NULL, 1),
(11135, 'A', 'Trong Javascript on m sau cho ra kt qu g?\r\n<script>\r\nfunction kiemtra(){\r\nwindow.open(\"http://www.vnn.vn\",\"Chao\");\r\n}\r\n</script>\r\n</head>\r\n<body onload =\"kiemtra()\"></body>', 'Khi chy th mt trang khc (VNN) c hin ra .', 'Khng chy c v sai ', 'Khi kt thc th mt site khc hin ra ', 'Hin mt trang vnn duy nht', '2023-03-21 06:18:50', '2023-03-21 06:18:50', '841109-1', 0, NULL, 1),
(11136, 'C', 'CSS l vit tt ca? ', 'Creative Style Sheets ', 'Computer Style Sheets', 'Cascading Style Sheets ', 'Colorful Style Sheets', '2023-03-21 06:18:50', '2023-03-21 06:18:50', '841109-1', 0, NULL, 1),
(11137, 'A', 'Dng no th hin ng mt comment (li ch thch) trong CSS? ', '/* this is a comment */', ' // this is a comment // ', ' this is a comment ', '// this is a comment', '2023-03-21 06:18:50', '2023-03-21 06:18:50', '841109-1', 0, NULL, 0),
(11138, 'B', 'Lm th no thm mu nn cho tt c cc phn t <h1>', 'h1.all {background-color:#FFFFFF}', 'h1 {background-color:#FFFFFF}', 'all.h1 {background-color:#FFFFFF}', 'Tt c cc cu trn u sai. ', '2023-03-21 06:18:50', '2023-03-21 06:18:50', '841109-1', 0, NULL, 0),
(11139, 'A', '. Lm sao  mi t trong 1 dng u vit hoa  u t', 'text-transform:capitalize ', 'text-transform:uppercase', 'Khng th thc hin c trong CSS', 'text-transform:lowercase', '2023-03-21 06:18:50', '2023-03-21 06:18:50', '841109-1', 0, NULL, 1),
(11140, 'C', 'Lm th no  hnh  u mi dng ca 1 list (danh sch) c hnh vung', 'type: 2', 'type: square ', 'list-type: square ', 'list-style-type: square ', '2023-03-21 06:18:50', '2023-03-21 06:18:50', '841109-1', 0, NULL, 1),
(11141, 'C', 'Kiu nh dng PNG s dng ti a ______bit mu', '8', '24', '48', '16', '2023-03-21 06:18:50', '2023-03-21 06:18:50', '841109-1', 0, NULL, 0),
(11142, 'A', 'Cc thnh phn c bn ca Table ', 'Rows, Columns, Cells ', 'Rows, Columns, Width', 'Rows, Columns, Border', 'Rows, Columns, Cell spacing, Cell padding', '2023-03-21 06:18:50', '2023-03-21 06:18:50', '841109-1', 0, NULL, 0),
(11150, 'A', 'test', '1', '2', '3', '4', '2023-03-24 07:32:54', '2023-03-24 07:32:54', NULL, 0, NULL, 0),
(11151, 'A', 'test', '1', '2', '3', '4', '2023-03-24 07:32:54', '2023-03-24 07:32:54', NULL, 0, NULL, 0),
(11154, 'C', 'u l tag to ra 1 danh sch ng u bng s ', '<ul>', '<list> ', '<ol> ', '<dl> ', '2023-04-18 15:45:23', '2023-04-18 15:45:23', '841109-0', 0, NULL, 1),
(11155, 'A', '. Lm sao  mi t trong 1 dng u vit hoa  u t', 'text-transform:capitalize ', 'text-transform:uppercase', 'Khng th thc hin c trong CSS', 'text-transform:lowercase', '2023-04-18 15:45:23', '2023-04-18 15:45:23', '841109-0', 0, NULL, 1),
(11156, 'B', 'C bao nhiu cch lin kt file CSS', '4', '3', '1', '2', '2023-04-18 15:45:23', '2023-04-18 15:45:23', '841109-0', 0, NULL, 0),
(11157, 'A', 'Ai (t chc no) to ra Web standards', 'The World Wide Web Consortium', 'Microsoft', 'Netscape', 'Tt c u sai', '2023-04-18 15:45:23', '2023-04-18 15:45:23', '841109-0', 0, NULL, 0),
(11158, 'C', 'u l tag cn l tri cho ni dung 1  trong bng ', '<tdleft>', '<td valign=\"left\"> ', '<td align=\"left\"> ', '<td leftalign>', '2023-04-18 15:45:23', '2023-04-18 15:45:23', '841109-0', 0, NULL, 0),
(11159, 'B', 'u l tag to ra tiu  web kch c ln nht. ', '<heading> ', '<h1>', '<h6>', '<head>', '2023-04-18 15:45:23', '2023-04-18 15:45:23', '841109-0', 0, NULL, 0),
(11160, 'A', 'test', '1', '2', '3', '4', '2023-04-18 15:45:23', '2023-04-18 15:45:23', '841109-0', 0, NULL, 1),
(11161, 'B', 'u l tag  xung dng trong web?', '<lb>', '<br>', '<break>', '<enter>', '2023-04-18 15:45:23', '2023-04-18 15:45:23', '841109-0', 0, NULL, 0),
(11162, 'C', 'Lm th no  hnh  u mi dng ca 1 list (danh sch) c hnh vung', 'type: 2', 'type: square ', 'list-type: square ', 'list-style-type: square ', '2023-04-18 15:45:23', '2023-04-18 15:45:23', '841109-0', 0, NULL, 1),
(11163, 'A', 'test', '1', '2', '3', '4', '2023-04-18 15:45:23', '2023-04-18 15:45:23', '841109-0', 0, NULL, 1),
(11164, 'A', 'Trong Javascript on m sau cho ra kt qu g?\r\n<script>\r\nfunction kiemtra(){\r\nwindow.open(\"http://www.vnn.vn\",\"Chao\");\r\n}\r\n</script>\r\n</head>\r\n<body onload =\"kiemtra()\"></body>', 'Khi chy th mt trang khc (VNN) c hin ra .', 'Khng chy c v sai ', 'Khi kt thc th mt site khc hin ra ', 'Hin mt trang vnn duy nht', '2023-04-18 15:45:23', '2023-04-18 15:45:23', '841109-0', 0, NULL, 1),
(11165, 'C', 'u l tag to ra ra ch in nghing?', '<ii>', '<italics>', '<i>', '<strong>', '2023-04-18 15:45:23', '2023-04-18 15:45:23', '841109-0', 0, NULL, 0),
(11166, 'A', 'test', '1', '2', '3', '4', '2023-04-18 15:45:23', '2023-04-18 15:45:23', '841109-0', 0, NULL, 1),
(11167, 'A', 'test', '1', '2', '3', '4', '2023-04-18 15:45:23', '2023-04-18 15:45:23', '841109-0', 0, NULL, 1),
(11168, 'A', 'HTML l g ?', 'Ngn ng nh du siu vn bn', 'Ngn ng lp trnh bc thp', 'Ngn ng nh du vn bn', 'Ngn ng lp trnh bc cao', '2023-04-18 15:45:23', '2023-04-18 15:45:23', '841109-0', 0, NULL, 0),
(11169, 'C', 'Trong Javascript s kin OnUnload thc hin khi no?', 'Khi bt u chng trnh chy ', 'Khi click chut ', 'Khi kt thc mt chng trnh', 'Khi di chuyn chut qua', '2023-04-18 15:45:23', '2023-04-18 15:45:23', '841109-0', 0, NULL, 1),
(11170, 'C', 'CSS l vit tt ca? ', 'Creative Style Sheets ', 'Computer Style Sheets', 'Cascading Style Sheets ', 'Colorful Style Sheets', '2023-04-18 15:45:23', '2023-04-18 15:45:23', '841109-0', 0, NULL, 1),
(11171, 'C', 'T HTML l t vit tt ca t no?', 'Hyperlinks and Text Markup Language', 'Home Tool Markup Language', 'Hyper Text Markup Language', 'Tt c u sai', '2023-04-18 15:45:23', '2023-04-18 15:45:23', '841109-0', 0, NULL, 0),
(11172, 'B', 'u l tag to ra lin kt n email?', '<a href=\"xxx@yyy\">', '<a href=\"mailto:xxx@yyy\">', '<mail>xxx@yyy</mail> ', '<mail href=\"xxx@yyy\"> ', '2023-04-18 15:45:23', '2023-04-18 15:45:23', '841109-0', 0, NULL, 0),
(11173, 'C', 'u l tag to ra 1 danh sch ng u bng s ', '<ul>', '<list> ', '<ol> ', '<dl> ', '2023-04-18 15:49:10', '2023-04-18 15:49:10', '841109-0', 0, NULL, 0),
(11174, 'A', '. Lm sao  mi t trong 1 dng u vit hoa  u t', 'text-transform:capitalize ', 'text-transform:uppercase', 'Khng th thc hin c trong CSS', 'text-transform:lowercase', '2023-04-18 15:49:10', '2023-04-18 15:49:10', '841109-0', 0, NULL, 1),
(11175, 'A', 'Ai (t chc no) to ra Web standards', 'The World Wide Web Consortium', 'Microsoft', 'Netscape', 'Tt c u sai', '2023-04-18 15:49:10', '2023-04-18 15:49:10', '841109-0', 0, NULL, 0),
(11176, 'C', 'u l tag cn l tri cho ni dung 1  trong bng ', '<tdleft>', '<td valign=\"left\"> ', '<td align=\"left\"> ', '<td leftalign>', '2023-04-18 15:49:10', '2023-04-18 15:49:10', '841109-0', 0, NULL, 0),
(11177, 'B', 'C bao nhiu cch lin kt file CSS', '4', '3', '1', '2', '2023-04-18 15:49:10', '2023-04-18 15:49:10', '841109-0', 0, NULL, 0),
(11178, 'A', 'test', '1', '2', '3', '4', '2023-04-18 15:49:10', '2023-04-18 15:49:10', '841109-0', 0, NULL, 1),
(11179, 'B', 'u l tag to ra tiu  web kch c ln nht. ', '<heading> ', '<h1>', '<h6>', '<head>', '2023-04-18 15:49:10', '2023-04-18 15:49:10', '841109-0', 0, NULL, 0),
(11180, 'A', 'HTML l g ?', 'Ngn ng nh du siu vn bn', 'Ngn ng lp trnh bc thp', 'Ngn ng nh du vn bn', 'Ngn ng lp trnh bc cao', '2023-04-18 15:49:10', '2023-04-18 15:49:10', '841109-0', 0, NULL, 0),
(11181, 'C', 'Lm th no  hnh  u mi dng ca 1 list (danh sch) c hnh vung', 'type: 2', 'type: square ', 'list-type: square ', 'list-style-type: square ', '2023-04-18 15:49:10', '2023-04-18 15:49:10', '841109-0', 0, NULL, 1),
(11182, 'A', 'test', '1', '2', '3', '4', '2023-04-18 15:49:10', '2023-04-18 15:49:10', '841109-0', 0, NULL, 1),
(11183, 'B', 'u l tag  xung dng trong web?', '<lb>', '<br>', '<break>', '<enter>', '2023-04-18 15:49:10', '2023-04-18 15:49:10', '841109-0', 0, NULL, 0),
(11184, 'A', 'Trong Javascript on m sau cho ra kt qu g?\r\n<script>\r\nfunction kiemtra(){\r\nwindow.open(\"http://www.vnn.vn\",\"Chao\");\r\n}\r\n</script>\r\n</head>\r\n<body onload =\"kiemtra()\"></body>', 'Khi chy th mt trang khc (VNN) c hin ra .', 'Khng chy c v sai ', 'Khi kt thc th mt site khc hin ra ', 'Hin mt trang vnn duy nht', '2023-04-18 15:49:10', '2023-04-18 15:49:10', '841109-0', 0, NULL, 1),
(11185, 'C', 'u l tag to ra ra ch in nghing?', '<ii>', '<italics>', '<i>', '<strong>', '2023-04-18 15:49:10', '2023-04-18 15:49:10', '841109-0', 0, NULL, 0),
(11186, 'A', 'test', '1', '2', '3', '4', '2023-04-18 15:49:10', '2023-04-18 15:49:10', '841109-0', 0, NULL, 1),
(11187, 'A', 'test', '1', '2', '3', '4', '2023-04-18 15:49:10', '2023-04-18 15:49:10', '841109-0', 0, NULL, 1),
(11188, 'C', 'Trong Javascript s kin OnUnload thc hin khi no?', 'Khi bt u chng trnh chy ', 'Khi click chut ', 'Khi kt thc mt chng trnh', 'Khi di chuyn chut qua', '2023-04-18 15:49:10', '2023-04-18 15:49:10', '841109-0', 0, NULL, 1),
(11189, 'C', 'CSS l vit tt ca? ', 'Creative Style Sheets ', 'Computer Style Sheets', 'Cascading Style Sheets ', 'Colorful Style Sheets', '2023-04-18 15:49:10', '2023-04-18 15:49:10', '841109-0', 0, NULL, 1),
(11190, 'C', 'T HTML l t vit tt ca t no?', 'Hyperlinks and Text Markup Language', 'Home Tool Markup Language', 'Hyper Text Markup Language', 'Tt c u sai', '2023-04-18 15:49:10', '2023-04-18 15:49:10', '841109-0', 0, NULL, 0),
(11191, 'B', 'u l tag to ra lin kt n email?', '<a href=\"xxx@yyy\">', '<a href=\"mailto:xxx@yyy\">', '<mail>xxx@yyy</mail> ', '<mail href=\"xxx@yyy\"> ', '2023-04-18 15:49:10', '2023-04-18 15:49:10', '841109-0', 0, NULL, 0),
(11192, 'C', 'u l tag to ra 1 danh sch ng u bng s ', '<ul>', '<list> ', '<ol> ', '<dl> ', '2023-04-18 15:51:18', '2023-04-18 15:51:18', '841109-0', 0, NULL, 0),
(11193, 'A', '. Lm sao  mi t trong 1 dng u vit hoa  u t', 'text-transform:capitalize ', 'text-transform:uppercase', 'Khng th thc hin c trong CSS', 'text-transform:lowercase', '2023-04-18 15:51:18', '2023-04-18 15:51:18', '841109-0', 0, NULL, 1),
(11194, 'C', 'u l tag cn l tri cho ni dung 1  trong bng ', '<tdleft>', '<td valign=\"left\"> ', '<td align=\"left\"> ', '<td leftalign>', '2023-04-18 15:51:18', '2023-04-18 15:51:18', '841109-0', 0, NULL, 0),
(11195, 'B', 'u l tag to ra tiu  web kch c ln nht. ', '<heading> ', '<h1>', '<h6>', '<head>', '2023-04-18 15:51:18', '2023-04-18 15:51:18', '841109-0', 0, NULL, 0),
(11196, 'A', 'HTML l g ?', 'Ngn ng nh du siu vn bn', 'Ngn ng lp trnh bc thp', 'Ngn ng nh du vn bn', 'Ngn ng lp trnh bc cao', '2023-04-18 15:51:18', '2023-04-18 15:51:18', '841109-0', 0, NULL, 0),
(11197, 'A', 'Ai (t chc no) to ra Web standards', 'The World Wide Web Consortium', 'Microsoft', 'Netscape', 'Tt c u sai', '2023-04-18 15:51:18', '2023-04-18 15:51:18', '841109-0', 0, NULL, 0),
(11198, 'B', 'C bao nhiu cch lin kt file CSS', '4', '3', '1', '2', '2023-04-18 15:51:18', '2023-04-18 15:51:18', '841109-0', 0, NULL, 0),
(11199, 'B', 'u l tag  xung dng trong web?', '<lb>', '<br>', '<break>', '<enter>', '2023-04-18 15:51:18', '2023-04-18 15:51:18', '841109-0', 0, NULL, 0),
(11200, 'C', 'Lm th no  hnh  u mi dng ca 1 list (danh sch) c hnh vung', 'type: 2', 'type: square ', 'list-type: square ', 'list-style-type: square ', '2023-04-18 15:51:18', '2023-04-18 15:51:18', '841109-0', 0, NULL, 1),
(11201, 'A', 'test', '1', '2', '3', '4', '2023-04-18 15:51:18', '2023-04-18 15:51:18', '841109-0', 0, NULL, 1),
(11202, 'A', 'test', '1', '2', '3', '4', '2023-04-18 15:51:18', '2023-04-18 15:51:18', '841109-0', 0, NULL, 1),
(11203, 'A', 'Trong Javascript on m sau cho ra kt qu g?\r\n<script>\r\nfunction kiemtra(){\r\nwindow.open(\"http://www.vnn.vn\",\"Chao\");\r\n}\r\n</script>\r\n</head>\r\n<body onload =\"kiemtra()\"></body>', 'Khi chy th mt trang khc (VNN) c hin ra .', 'Khng chy c v sai ', 'Khi kt thc th mt site khc hin ra ', 'Hin mt trang vnn duy nht', '2023-04-18 15:51:18', '2023-04-18 15:51:18', '841109-0', 0, NULL, 1),
(11204, 'C', 'u l tag to ra ra ch in nghing?', '<ii>', '<italics>', '<i>', '<strong>', '2023-04-18 15:51:18', '2023-04-18 15:51:18', '841109-0', 0, NULL, 0),
(11205, 'A', 'test', '1', '2', '3', '4', '2023-04-18 15:51:18', '2023-04-18 15:51:18', '841109-0', 0, NULL, 1),
(11206, 'A', 'test', '1', '2', '3', '4', '2023-04-18 15:51:18', '2023-04-18 15:51:18', '841109-0', 0, NULL, 1),
(11207, 'C', 'Trong Javascript s kin OnUnload thc hin khi no?', 'Khi bt u chng trnh chy ', 'Khi click chut ', 'Khi kt thc mt chng trnh', 'Khi di chuyn chut qua', '2023-04-18 15:51:18', '2023-04-18 15:51:18', '841109-0', 0, NULL, 1),
(11208, 'C', 'CSS l vit tt ca? ', 'Creative Style Sheets ', 'Computer Style Sheets', 'Cascading Style Sheets ', 'Colorful Style Sheets', '2023-04-18 15:51:18', '2023-04-18 15:51:18', '841109-0', 0, NULL, 1),
(11209, 'C', 'T HTML l t vit tt ca t no?', 'Hyperlinks and Text Markup Language', 'Home Tool Markup Language', 'Hyper Text Markup Language', 'Tt c u sai', '2023-04-18 15:51:18', '2023-04-18 15:51:18', '841109-0', 0, NULL, 0),
(11210, 'B', 'u l tag to ra lin kt n email?', '<a href=\"xxx@yyy\">', '<a href=\"mailto:xxx@yyy\">', '<mail>xxx@yyy</mail> ', '<mail href=\"xxx@yyy\"> ', '2023-04-18 15:51:18', '2023-04-18 15:51:18', '841109-0', 0, NULL, 0),
(11211, 'C', 'u l tag to ra 1 danh sch ng u bng s ', '<ul>', '<list> ', '<ol> ', '<dl> ', '2023-04-18 15:58:15', '2023-04-18 15:58:15', '841109-0', 0, NULL, 0),
(11212, 'A', 'Ai (t chc no) to ra Web standards', 'The World Wide Web Consortium', 'Microsoft', 'Netscape', 'Tt c u sai', '2023-04-18 15:58:15', '2023-04-18 15:58:15', '841109-0', 0, NULL, 0),
(11213, 'A', '. Lm sao  mi t trong 1 dng u vit hoa  u t', 'text-transform:capitalize ', 'text-transform:uppercase', 'Khng th thc hin c trong CSS', 'text-transform:lowercase', '2023-04-18 15:58:15', '2023-04-18 15:58:15', '841109-0', 0, NULL, 1),
(11214, 'B', 'u l tag to ra tiu  web kch c ln nht. ', '<heading> ', '<h1>', '<h6>', '<head>', '2023-04-18 15:58:15', '2023-04-18 15:58:15', '841109-0', 0, NULL, 0),
(11215, 'C', 'u l tag cn l tri cho ni dung 1  trong bng ', '<tdleft>', '<td valign=\"left\"> ', '<td align=\"left\"> ', '<td leftalign>', '2023-04-18 15:58:15', '2023-04-18 15:58:15', '841109-0', 0, NULL, 0),
(11216, 'B', 'C bao nhiu cch lin kt file CSS', '4', '3', '1', '2', '2023-04-18 15:58:15', '2023-04-18 15:58:15', '841109-0', 0, NULL, 0),
(11217, 'C', 'Lm th no  hnh  u mi dng ca 1 list (danh sch) c hnh vung', 'type: 2', 'type: square ', 'list-type: square ', 'list-style-type: square ', '2023-04-18 15:58:15', '2023-04-18 15:58:15', '841109-0', 0, NULL, 1),
(11218, 'A', 'HTML l g ?', 'Ngn ng nh du siu vn bn', 'Ngn ng lp trnh bc thp', 'Ngn ng nh du vn bn', 'Ngn ng lp trnh bc cao', '2023-04-18 15:58:15', '2023-04-18 15:58:15', '841109-0', 0, NULL, 0),
(11219, 'A', 'test', '1', '2', '3', '4', '2023-04-18 15:58:15', '2023-04-18 15:58:15', '841109-0', 0, NULL, 1),
(11220, 'A', 'test', '1', '2', '3', '4', '2023-04-18 15:58:15', '2023-04-18 15:58:15', '841109-0', 0, NULL, 1),
(11221, 'A', 'Trong Javascript on m sau cho ra kt qu g?\r\n<script>\r\nfunction kiemtra(){\r\nwindow.open(\"http://www.vnn.vn\",\"Chao\");\r\n}\r\n</script>\r\n</head>\r\n<body onload =\"kiemtra()\"></body>', 'Khi chy th mt trang khc (VNN) c hin ra .', 'Khng chy c v sai ', 'Khi kt thc th mt site khc hin ra ', 'Hin mt trang vnn duy nht', '2023-04-18 15:58:15', '2023-04-18 15:58:15', '841109-0', 0, NULL, 1),
(11222, 'B', 'u l tag  xung dng trong web?', '<lb>', '<br>', '<break>', '<enter>', '2023-04-18 15:58:15', '2023-04-18 15:58:15', '841109-0', 0, NULL, 0),
(11223, 'C', 'u l tag to ra ra ch in nghing?', '<ii>', '<italics>', '<i>', '<strong>', '2023-04-18 15:58:15', '2023-04-18 15:58:15', '841109-0', 0, NULL, 0),
(11224, 'A', 'test', '1', '2', '3', '4', '2023-04-18 15:58:15', '2023-04-18 15:58:15', '841109-0', 0, NULL, 1),
(11225, 'A', 'test', '1', '2', '3', '4', '2023-04-18 15:58:15', '2023-04-18 15:58:15', '841109-0', 0, NULL, 1),
(11226, 'C', 'Trong Javascript s kin OnUnload thc hin khi no?', 'Khi bt u chng trnh chy ', 'Khi click chut ', 'Khi kt thc mt chng trnh', 'Khi di chuyn chut qua', '2023-04-18 15:58:15', '2023-04-18 15:58:15', '841109-0', 0, NULL, 1),
(11227, 'C', 'CSS l vit tt ca? ', 'Creative Style Sheets ', 'Computer Style Sheets', 'Cascading Style Sheets ', 'Colorful Style Sheets', '2023-04-18 15:58:15', '2023-04-18 15:58:15', '841109-0', 0, NULL, 1),
(11228, 'C', 'T HTML l t vit tt ca t no?', 'Hyperlinks and Text Markup Language', 'Home Tool Markup Language', 'Hyper Text Markup Language', 'Tt c u sai', '2023-04-18 15:58:15', '2023-04-18 15:58:15', '841109-0', 0, NULL, 0),
(11229, 'B', 'u l tag to ra lin kt n email?', '<a href=\"xxx@yyy\">', '<a href=\"mailto:xxx@yyy\">', '<mail>xxx@yyy</mail> ', '<mail href=\"xxx@yyy\"> ', '2023-04-18 15:58:15', '2023-04-18 15:58:15', '841109-0', 0, NULL, 0),
(11230, 'A', '. Lm sao  mi t trong 1 dng u vit hoa  u t', 'text-transform:capitalize ', 'text-transform:uppercase', 'Khng th thc hin c trong CSS', 'text-transform:lowercase', '2023-04-18 18:10:43', '2023-04-18 18:10:43', '841109-0', 0, NULL, 1),
(11231, 'C', 'u l tag to ra 1 danh sch ng u bng s ', '<ul>', '<list> ', '<ol> ', '<dl> ', '2023-04-18 18:10:43', '2023-04-18 18:10:43', '841109-0', 0, NULL, 0),
(11232, 'C', 'u l tag cn l tri cho ni dung 1  trong bng ', '<tdleft>', '<td valign=\"left\"> ', '<td align=\"left\"> ', '<td leftalign>', '2023-04-18 18:10:43', '2023-04-18 18:10:43', '841109-0', 0, NULL, 0),
(11233, 'B', 'u l tag to ra tiu  web kch c ln nht. ', '<heading> ', '<h1>', '<h6>', '<head>', '2023-04-18 18:10:43', '2023-04-18 18:10:43', '841109-0', 0, NULL, 0),
(11234, 'A', 'Ai (t chc no) to ra Web standards', 'The World Wide Web Consortium', 'Microsoft', 'Netscape', 'Tt c u sai', '2023-04-18 18:10:43', '2023-04-18 18:10:43', '841109-0', 0, NULL, 0),
(11235, 'B', 'C bao nhiu cch lin kt file CSS', '4', '3', '1', '2', '2023-04-18 18:10:43', '2023-04-18 18:10:43', '841109-0', 0, NULL, 0),
(11236, 'A', 'test', '1', '2', '3', '4', '2023-04-18 18:10:43', '2023-04-18 18:10:43', '841109-0', 0, NULL, 1),
(11237, 'B', 'u l tag  xung dng trong web?', '<lb>', '<br>', '<break>', '<enter>', '2023-04-18 18:10:43', '2023-04-18 18:10:43', '841109-0', 0, NULL, 0),
(11238, 'A', 'HTML l g ?', 'Ngn ng nh du siu vn bn', 'Ngn ng lp trnh bc thp', 'Ngn ng nh du vn bn', 'Ngn ng lp trnh bc cao', '2023-04-18 18:10:43', '2023-04-18 18:10:43', '841109-0', 0, NULL, 0),
(11239, 'C', 'Lm th no  hnh  u mi dng ca 1 list (danh sch) c hnh vung', 'type: 2', 'type: square ', 'list-type: square ', 'list-style-type: square ', '2023-04-18 18:10:43', '2023-04-18 18:10:43', '841109-0', 0, NULL, 1),
(11240, 'A', 'Trong Javascript on m sau cho ra kt qu g?\r\n<script>\r\nfunction kiemtra(){\r\nwindow.open(\"http://www.vnn.vn\",\"Chao\");\r\n}\r\n</script>\r\n</head>\r\n<body onload =\"kiemtra()\"></body>', 'Khi chy th mt trang khc (VNN) c hin ra .', 'Khng chy c v sai ', 'Khi kt thc th mt site khc hin ra ', 'Hin mt trang vnn duy nht', '2023-04-18 18:10:43', '2023-04-18 18:10:43', '841109-0', 0, NULL, 1),
(11241, 'A', 'test', '1', '2', '3', '4', '2023-04-18 18:10:43', '2023-04-18 18:10:43', '841109-0', 0, NULL, 1),
(11242, 'C', 'u l tag to ra ra ch in nghing?', '<ii>', '<italics>', '<i>', '<strong>', '2023-04-18 18:10:43', '2023-04-18 18:10:43', '841109-0', 0, NULL, 0),
(11243, 'A', 'test', '1', '2', '3', '4', '2023-04-18 18:10:43', '2023-04-18 18:10:43', '841109-0', 0, NULL, 1),
(11244, 'A', 'test', '1', '2', '3', '4', '2023-04-18 18:10:43', '2023-04-18 18:10:43', '841109-0', 0, NULL, 1),
(11245, 'C', 'Trong Javascript s kin OnUnload thc hin khi no?', 'Khi bt u chng trnh chy ', 'Khi click chut ', 'Khi kt thc mt chng trnh', 'Khi di chuyn chut qua', '2023-04-18 18:10:43', '2023-04-18 18:10:43', '841109-0', 0, NULL, 1),
(11246, 'C', 'CSS l vit tt ca? ', 'Creative Style Sheets ', 'Computer Style Sheets', 'Cascading Style Sheets ', 'Colorful Style Sheets', '2023-04-18 18:10:43', '2023-04-18 18:10:43', '841109-0', 0, NULL, 1),
(11247, 'B', 'u l tag to ra lin kt n email?', '<a href=\"xxx@yyy\">', '<a href=\"mailto:xxx@yyy\">', '<mail>xxx@yyy</mail> ', '<mail href=\"xxx@yyy\"> ', '2023-04-18 18:10:43', '2023-04-18 18:10:43', '841109-0', 0, NULL, 0),
(11248, 'C', 'T HTML l t vit tt ca t no?', 'Hyperlinks and Text Markup Language', 'Home Tool Markup Language', 'Hyper Text Markup Language', 'Tt c u sai', '2023-04-18 18:10:43', '2023-04-18 18:10:43', '841109-0', 0, NULL, 0),
(11249, 'D', 'this is question', 'ans1', 'ans2', 'ans3', 'ans4', '2023-04-20 16:45:16', '2023-04-20 16:45:16', '841109-0', 0, NULL, 0),
(11250, 'D', 'this is question', 'ans1', 'ans2', 'ans3', 'ans4', '2023-04-20 16:45:16', '2023-04-20 16:45:16', '841109-0', 0, NULL, 1),
(11251, 'D', 'this is question', 'ans1', 'ans2', 'ans3', 'ans4', '2023-04-20 16:45:37', '2023-04-20 16:45:37', '841109-0', 0, NULL, 0),
(11252, 'D', 'this is question', 'ans1', 'ans2', 'ans3', 'ans4', '2023-04-20 16:45:37', '2023-04-20 16:45:37', '841109-0', 0, NULL, 1),
(11253, 'A', '123', '123', '123', '123', '123', '2023-04-20 18:31:16', '2023-04-20 18:31:16', '841109-0', 0, NULL, 0),
(11254, 'A', '123', '123', '123', '123', '123', '2023-04-20 18:31:30', '2023-04-20 18:31:30', '841109-0', 0, NULL, 0),
(11255, 'A', '123', '123', '123', '123', '123', '2023-04-20 19:07:03', '2023-04-20 19:07:03', '841109-0', 0, NULL, 0),
(11256, 'A', '123', '123', '123', '123', '123', '2023-04-20 19:09:45', '2023-04-20 19:09:45', '841109-0', 0, NULL, 0),
(11257, 'A', '123', '123', '123', '123', '123', '2023-04-20 19:11:20', '2023-04-20 19:11:20', '841109-0', 0, NULL, 0),
(11258, 'A', 'this is question 1', 'ans1', 'ans2', 'm', 'm', '2023-04-21 12:30:49', '2023-04-21 12:30:49', '841109-0', 0, NULL, 0),
(11259, 'A', 'this is question 1', 'ans1', 'ans2', 'm', 'm', '2023-04-21 12:30:49', '2023-04-21 12:30:49', '841109-0', 0, NULL, 0),
(11260, 'A', '123', '123', '123', '123', '123', '2023-04-21 12:37:17', '2023-04-21 12:37:17', '841109-0', 0, NULL, 1),
(11261, 'A', '123', '123', '123', '123', '123', '2023-04-21 12:37:17', '2023-04-21 12:37:17', '841109-0', 0, NULL, 0),
(11262, 'A', '123', '123', '123', '123', '123', '2023-04-21 12:38:21', '2023-04-21 12:38:21', '841109-0', 0, NULL, 1),
(11263, 'A', '123', '123', '123', '123', '123', '2023-04-21 12:38:21', '2023-04-21 12:38:21', '841109-0', 0, NULL, 0),
(11264, 'A', '123', '123', '123', '123', '123', '2023-04-21 12:40:53', '2023-04-21 12:40:53', '841109-0', 0, NULL, 1),
(11265, 'A', '123', '123', '123', '123', '123', '2023-04-21 12:40:53', '2023-04-21 12:40:53', '841109-0', 0, NULL, 0),
(11266, 'A', 'this is question 1', 'ans1', 'ans2', 'm', 'm', '2023-04-21 12:43:34', '2023-04-21 12:43:34', '841109-0', 0, NULL, 0),
(11267, 'A', 'this is question 1', 'ans1', 'ans2', 'm', 'm', '2023-04-21 12:43:34', '2023-04-21 12:43:34', '841109-0', 0, NULL, 1);

-- --------------------------------------------------------

--
-- Table structure for table `studentresults`
--

CREATE TABLE `studentresults` (
  `id` int(11) NOT NULL,
  `studentId` varchar(10) CHARACTER SET utf8 COLLATE utf8_general_ci DEFAULT NULL,
  `examId` int(11) DEFAULT NULL,
  `grade` float DEFAULT NULL,
  `content` longtext CHARACTER SET utf8mb4 COLLATE utf8mb4_bin NOT NULL CHECK (json_valid(`content`)),
  `isDone` tinyint(1) DEFAULT 0,
  `createdAt` datetime NOT NULL,
  `updatedAt` datetime NOT NULL
) ENGINE=InnoDB DEFAULT CHARSET=utf8mb4 COLLATE=utf8mb4_general_ci;

--
-- Dumping data for table `studentresults`
--

INSERT INTO `studentresults` (`id`, `studentId`, `examId`, `grade`, `content`, `isDone`, `createdAt`, `updatedAt`) VALUES
(2, '3121560037', 4, 0, '[{\"id\":11192,\"studentAns\":\"C\",\"description\":\"u l tag to ra 1 danh sch ng u bng s \",\"correctAns\":\"C\",\"answerA\":\"<ul>\",\"answerB\":\"<list> \",\"answerC\":\"<ol> \",\"answerD\":\"<dl> \"},{\"id\":11193,\"description\":\". Lm sao  mi t trong 1 dng u vit hoa  u t\",\"correctAns\":\"A\",\"answerA\":\"text-transform:capitalize \",\"answerB\":\"text-transform:uppercase\",\"answerC\":\"Khng th thc hin c trong CSS\",\"answerD\":\"text-transform:lowercase\",\"studentAns\":\"D\"},{\"id\":11197,\"description\":\"Ai (t chc no) to ra Web standards\",\"correctAns\":\"A\",\"answerA\":\"The World Wide Web Consortium\",\"answerB\":\"Microsoft\",\"answerC\":\"Netscape\",\"answerD\":\"Tt c u sai\",\"studentAns\":\"B\"},{\"id\":11194,\"description\":\"u l tag cn l tri cho ni dung 1  trong bng \",\"correctAns\":\"C\",\"answerA\":\"<tdleft>\",\"answerB\":\"<td valign=\\\"left\\\"> \",\"answerC\":\"<td align=\\\"left\\\"> \",\"answerD\":\"<td leftalign>\",\"studentAns\":\"B\"},{\"id\":11195,\"description\":\"u l tag to ra tiu  web kch c ln nht. \",\"correctAns\":\"B\",\"answerA\":\"<heading> \",\"answerB\":\"<h1>\",\"answerC\":\"<h6>\",\"answerD\":\"<head>\",\"studentAns\":\"B\"},{\"id\":11196,\"description\":\"HTML l g ?\",\"correctAns\":\"A\",\"answerA\":\"Ngn ng nh du siu vn bn\",\"answerB\":\"Ngn ng lp trnh bc thp\",\"answerC\":\"Ngn ng nh du vn bn\",\"answerD\":\"Ngn ng lp trnh bc cao\",\"studentAns\":\"B\"},{\"id\":11198,\"description\":\"C bao nhiu cch lin kt file CSS\",\"correctAns\":\"B\",\"answerA\":\"4\",\"answerB\":\"3\",\"answerC\":\"1\",\"answerD\":\"2\",\"studentAns\":\"B\"},{\"id\":11202,\"description\":\"test\",\"correctAns\":\"A\",\"answerA\":\"1\",\"answerB\":\"2\",\"answerC\":\"3\",\"answerD\":\"4\",\"studentAns\":\"B\"},{\"id\":11199,\"description\":\"u l tag  xung dng trong web?\",\"correctAns\":\"B\",\"answerA\":\"<lb>\",\"answerB\":\"<br>\",\"answerC\":\"<break>\",\"answerD\":\"<enter>\",\"studentAns\":\"B\"},{\"id\":11200,\"description\":\"Lm th no  hnh  u mi dng ca 1 list (danh sch) c hnh vung\",\"correctAns\":\"C\",\"answerA\":\"type: 2\",\"answerB\":\"type: square \",\"answerC\":\"list-type: square \",\"answerD\":\"list-style-type: square \",\"studentAns\":\"B\"},{\"id\":11201,\"description\":\"test\",\"correctAns\":\"A\",\"answerA\":\"1\",\"answerB\":\"2\",\"answerC\":\"3\",\"answerD\":\"4\",\"studentAns\":\"B\"},{\"id\":11203,\"description\":\"Trong Javascript on m sau cho ra kt qu g?\\r\\n<script>\\r\\nfunction kiemtra(){\\r\\nwindow.open(\\\"http://www.vnn.vn\\\",\\\"Chao\\\");\\r\\n}\\r\\n</script>\\r\\n</head>\\r\\n<body onload =\\\"kiemtra()\\\"></body>\",\"correctAns\":\"A\",\"answerA\":\"Khi chy th mt trang khc (VNN) c hin ra .\",\"answerB\":\"Khng chy c v sai \",\"answerC\":\"Khi kt thc th mt site khc hin ra \",\"answerD\":\"Hin mt trang vnn duy nht\",\"studentAns\":\"B\"},{\"id\":11204,\"description\":\"u l tag to ra ra ch in nghing?\",\"correctAns\":\"C\",\"answerA\":\"<ii>\",\"answerB\":\"<italics>\",\"answerC\":\"<i>\",\"answerD\":\"<strong>\",\"studentAns\":\"B\"},{\"id\":11205,\"description\":\"test\",\"correctAns\":\"A\",\"answerA\":\"1\",\"answerB\":\"2\",\"answerC\":\"3\",\"answerD\":\"4\",\"studentAns\":\"B\"},{\"id\":11206,\"description\":\"test\",\"correctAns\":\"A\",\"answerA\":\"1\",\"answerB\":\"2\",\"answerC\":\"3\",\"answerD\":\"4\",\"studentAns\":\"B\"},{\"id\":11207,\"description\":\"Trong Javascript s kin OnUnload thc hin khi no?\",\"correctAns\":\"C\",\"answerA\":\"Khi bt u chng trnh chy \",\"answerB\":\"Khi click chut \",\"answerC\":\"Khi kt thc mt chng trnh\",\"answerD\":\"Khi di chuyn chut qua\",\"studentAns\":\"B\"},{\"id\":11208,\"studentAns\":\"B\",\"description\":\"CSS l vit tt ca? \",\"correctAns\":\"C\",\"answerA\":\"Creative Style Sheets \",\"answerB\":\"Computer Style Sheets\",\"answerC\":\"Cascading Style Sheets \",\"answerD\":\"Colorful Style Sheets\"},{\"id\":11209,\"description\":\"T HTML l t vit tt ca t no?\",\"correctAns\":\"C\",\"answerA\":\"Hyperlinks and Text Markup Language\",\"answerB\":\"Home Tool Markup Language\",\"answerC\":\"Hyper Text Markup Language\",\"answerD\":\"Tt c u sai\",\"studentAns\":\"B\"},{\"id\":11210,\"studentAns\":\"B\",\"description\":\"u l tag to ra lin kt n email?\",\"correctAns\":\"B\",\"answerA\":\"<a href=\\\"xxx@yyy\\\">\",\"answerB\":\"<a href=\\\"mailto:xxx@yyy\\\">\",\"answerC\":\"<mail>xxx@yyy</mail> \",\"answerD\":\"<mail href=\\\"xxx@yyy\\\"> \"}]', 1, '2023-04-18 15:49:10', '2023-04-20 00:38:33'),
(3, '3120410293', 5, NULL, '[{\"id\":11192,\"description\":\"u l tag to ra 1 danh sch ng u bng s \",\"correctAns\":\"C\",\"answerA\":\"<ul>\",\"answerB\":\"<list> \",\"answerC\":\"<ol> \",\"answerD\":\"<dl> \"},{\"id\":11193,\"description\":\". Lm sao  mi t trong 1 dng u vit hoa  u t\",\"correctAns\":\"A\",\"answerA\":\"text-transform:capitalize \",\"answerB\":\"text-transform:uppercase\",\"answerC\":\"Khng th thc hin c trong CSS\",\"answerD\":\"text-transform:lowercase\"},{\"id\":11197,\"description\":\"Ai (t chc no) to ra Web standards\",\"correctAns\":\"A\",\"answerA\":\"The World Wide Web Consortium\",\"answerB\":\"Microsoft\",\"answerC\":\"Netscape\",\"answerD\":\"Tt c u sai\"},{\"id\":11194,\"description\":\"u l tag cn l tri cho ni dung 1  trong bng \",\"correctAns\":\"C\",\"answerA\":\"<tdleft>\",\"answerB\":\"<td valign=\\\"left\\\"> \",\"answerC\":\"<td align=\\\"left\\\"> \",\"answerD\":\"<td leftalign>\"},{\"id\":11195,\"description\":\"u l tag to ra tiu  web kch c ln nht. \",\"correctAns\":\"B\",\"answerA\":\"<heading> \",\"answerB\":\"<h1>\",\"answerC\":\"<h6>\",\"answerD\":\"<head>\"},{\"id\":11196,\"description\":\"HTML l g ?\",\"correctAns\":\"A\",\"answerA\":\"Ngn ng nh du siu vn bn\",\"answerB\":\"Ngn ng lp trnh bc thp\",\"answerC\":\"Ngn ng nh du vn bn\",\"answerD\":\"Ngn ng lp trnh bc cao\"},{\"id\":11198,\"description\":\"C bao nhiu cch lin kt file CSS\",\"correctAns\":\"B\",\"answerA\":\"4\",\"answerB\":\"3\",\"answerC\":\"1\",\"answerD\":\"2\"},{\"id\":11202,\"description\":\"test\",\"correctAns\":\"A\",\"answerA\":\"1\",\"answerB\":\"2\",\"answerC\":\"3\",\"answerD\":\"4\"},{\"id\":11199,\"description\":\"u l tag  xung dng trong web?\",\"correctAns\":\"B\",\"answerA\":\"<lb>\",\"answerB\":\"<br>\",\"answerC\":\"<break>\",\"answerD\":\"<enter>\"},{\"id\":11200,\"description\":\"Lm th no  hnh  u mi dng ca 1 list (danh sch) c hnh vung\",\"correctAns\":\"C\",\"answerA\":\"type: 2\",\"answerB\":\"type: square \",\"answerC\":\"list-type: square \",\"answerD\":\"list-style-type: square \"},{\"id\":11201,\"description\":\"test\",\"correctAns\":\"A\",\"answerA\":\"1\",\"answerB\":\"2\",\"answerC\":\"3\",\"answerD\":\"4\"},{\"id\":11203,\"description\":\"Trong Javascript on m sau cho ra kt qu g?\\r\\n<script>\\r\\nfunction kiemtra(){\\r\\nwindow.open(\\\"http://www.vnn.vn\\\",\\\"Chao\\\");\\r\\n}\\r\\n</script>\\r\\n</head>\\r\\n<body onload =\\\"kiemtra()\\\"></body>\",\"correctAns\":\"A\",\"answerA\":\"Khi chy th mt trang khc (VNN) c hin ra .\",\"answerB\":\"Khng chy c v sai \",\"answerC\":\"Khi kt thc th mt site khc hin ra \",\"answerD\":\"Hin mt trang vnn duy nht\"},{\"id\":11204,\"description\":\"u l tag to ra ra ch in nghing?\",\"correctAns\":\"C\",\"answerA\":\"<ii>\",\"answerB\":\"<italics>\",\"answerC\":\"<i>\",\"answerD\":\"<strong>\"},{\"id\":11205,\"description\":\"test\",\"correctAns\":\"A\",\"answerA\":\"1\",\"answerB\":\"2\",\"answerC\":\"3\",\"answerD\":\"4\"},{\"id\":11206,\"description\":\"test\",\"correctAns\":\"A\",\"answerA\":\"1\",\"answerB\":\"2\",\"answerC\":\"3\",\"answerD\":\"4\"},{\"id\":11207,\"description\":\"Trong Javascript s kin OnUnload thc hin khi no?\",\"correctAns\":\"C\",\"answerA\":\"Khi bt u chng trnh chy \",\"answerB\":\"Khi click chut \",\"answerC\":\"Khi kt thc mt chng trnh\",\"answerD\":\"Khi di chuyn chut qua\"},{\"id\":11208,\"description\":\"CSS l vit tt ca? \",\"correctAns\":\"C\",\"answerA\":\"Creative Style Sheets \",\"answerB\":\"Computer Style Sheets\",\"answerC\":\"Cascading Style Sheets \",\"answerD\":\"Colorful Style Sheets\"},{\"id\":11209,\"description\":\"T HTML l t vit tt ca t no?\",\"correctAns\":\"C\",\"answerA\":\"Hyperlinks and Text Markup Language\",\"answerB\":\"Home Tool Markup Language\",\"answerC\":\"Hyper Text Markup Language\",\"answerD\":\"Tt c u sai\"},{\"id\":11210,\"description\":\"u l tag to ra lin kt n email?\",\"correctAns\":\"B\",\"answerA\":\"<a href=\\\"xxx@yyy\\\">\",\"answerB\":\"<a href=\\\"mailto:xxx@yyy\\\">\",\"answerC\":\"<mail>xxx@yyy</mail> \",\"answerD\":\"<mail href=\\\"xxx@yyy\\\"> \"}]', 0, '2023-04-18 15:51:18', '2023-04-18 15:51:18'),
(4, '3121560037', 5, NULL, '[{\"id\":11192,\"description\":\"u l tag to ra 1 danh sch ng u bng s \",\"correctAns\":\"C\",\"answerA\":\"<ul>\",\"answerB\":\"<list> \",\"answerC\":\"<ol> \",\"answerD\":\"<dl> \"},{\"id\":11193,\"description\":\". Lm sao  mi t trong 1 dng u vit hoa  u t\",\"correctAns\":\"A\",\"answerA\":\"text-transform:capitalize \",\"answerB\":\"text-transform:uppercase\",\"answerC\":\"Khng th thc hin c trong CSS\",\"answerD\":\"text-transform:lowercase\"},{\"id\":11197,\"description\":\"Ai (t chc no) to ra Web standards\",\"correctAns\":\"A\",\"answerA\":\"The World Wide Web Consortium\",\"answerB\":\"Microsoft\",\"answerC\":\"Netscape\",\"answerD\":\"Tt c u sai\"},{\"id\":11194,\"description\":\"u l tag cn l tri cho ni dung 1  trong bng \",\"correctAns\":\"C\",\"answerA\":\"<tdleft>\",\"answerB\":\"<td valign=\\\"left\\\"> \",\"answerC\":\"<td align=\\\"left\\\"> \",\"answerD\":\"<td leftalign>\"},{\"id\":11195,\"description\":\"u l tag to ra tiu  web kch c ln nht. \",\"correctAns\":\"B\",\"answerA\":\"<heading> \",\"answerB\":\"<h1>\",\"answerC\":\"<h6>\",\"answerD\":\"<head>\"},{\"id\":11196,\"description\":\"HTML l g ?\",\"correctAns\":\"A\",\"answerA\":\"Ngn ng nh du siu vn bn\",\"answerB\":\"Ngn ng lp trnh bc thp\",\"answerC\":\"Ngn ng nh du vn bn\",\"answerD\":\"Ngn ng lp trnh bc cao\"},{\"id\":11198,\"description\":\"C bao nhiu cch lin kt file CSS\",\"correctAns\":\"B\",\"answerA\":\"4\",\"answerB\":\"3\",\"answerC\":\"1\",\"answerD\":\"2\"},{\"id\":11202,\"description\":\"test\",\"correctAns\":\"A\",\"answerA\":\"1\",\"answerB\":\"2\",\"answerC\":\"3\",\"answerD\":\"4\"},{\"id\":11199,\"description\":\"u l tag  xung dng trong web?\",\"correctAns\":\"B\",\"answerA\":\"<lb>\",\"answerB\":\"<br>\",\"answerC\":\"<break>\",\"answerD\":\"<enter>\"},{\"id\":11200,\"description\":\"Lm th no  hnh  u mi dng ca 1 list (danh sch) c hnh vung\",\"correctAns\":\"C\",\"answerA\":\"type: 2\",\"answerB\":\"type: square \",\"answerC\":\"list-type: square \",\"answerD\":\"list-style-type: square \"},{\"id\":11201,\"description\":\"test\",\"correctAns\":\"A\",\"answerA\":\"1\",\"answerB\":\"2\",\"answerC\":\"3\",\"answerD\":\"4\"},{\"id\":11203,\"description\":\"Trong Javascript on m sau cho ra kt qu g?\\r\\n<script>\\r\\nfunction kiemtra(){\\r\\nwindow.open(\\\"http://www.vnn.vn\\\",\\\"Chao\\\");\\r\\n}\\r\\n</script>\\r\\n</head>\\r\\n<body onload =\\\"kiemtra()\\\"></body>\",\"correctAns\":\"A\",\"answerA\":\"Khi chy th mt trang khc (VNN) c hin ra .\",\"answerB\":\"Khng chy c v sai \",\"answerC\":\"Khi kt thc th mt site khc hin ra \",\"answerD\":\"Hin mt trang vnn duy nht\"},{\"id\":11204,\"description\":\"u l tag to ra ra ch in nghing?\",\"correctAns\":\"C\",\"answerA\":\"<ii>\",\"answerB\":\"<italics>\",\"answerC\":\"<i>\",\"answerD\":\"<strong>\"},{\"id\":11205,\"description\":\"test\",\"correctAns\":\"A\",\"answerA\":\"1\",\"answerB\":\"2\",\"answerC\":\"3\",\"answerD\":\"4\"},{\"id\":11206,\"description\":\"test\",\"correctAns\":\"A\",\"answerA\":\"1\",\"answerB\":\"2\",\"answerC\":\"3\",\"answerD\":\"4\"},{\"id\":11207,\"description\":\"Trong Javascript s kin OnUnload thc hin khi no?\",\"correctAns\":\"C\",\"answerA\":\"Khi bt u chng trnh chy \",\"answerB\":\"Khi click chut \",\"answerC\":\"Khi kt thc mt chng trnh\",\"answerD\":\"Khi di chuyn chut qua\"},{\"id\":11208,\"description\":\"CSS l vit tt ca? \",\"correctAns\":\"C\",\"answerA\":\"Creative Style Sheets \",\"answerB\":\"Computer Style Sheets\",\"answerC\":\"Cascading Style Sheets \",\"answerD\":\"Colorful Style Sheets\"},{\"id\":11209,\"description\":\"T HTML l t vit tt ca t no?\",\"correctAns\":\"C\",\"answerA\":\"Hyperlinks and Text Markup Language\",\"answerB\":\"Home Tool Markup Language\",\"answerC\":\"Hyper Text Markup Language\",\"answerD\":\"Tt c u sai\"},{\"id\":11210,\"description\":\"u l tag to ra lin kt n email?\",\"correctAns\":\"B\",\"answerA\":\"<a href=\\\"xxx@yyy\\\">\",\"answerB\":\"<a href=\\\"mailto:xxx@yyy\\\">\",\"answerC\":\"<mail>xxx@yyy</mail> \",\"answerD\":\"<mail href=\\\"xxx@yyy\\\"> \"}]', 0, '2023-04-18 15:51:18', '2023-04-18 15:51:18'),
(5, '3120410293', 6, NULL, '[{\"id\":11211,\"description\":\"u l tag to ra 1 danh sch ng u bng s \",\"answerA\":\"<ul>\",\"answerB\":\"<list> \",\"answerC\":\"<ol> \",\"answerD\":\"<dl> \"},{\"id\":11213,\"description\":\". Lm sao  mi t trong 1 dng u vit hoa  u t\",\"answerA\":\"text-transform:capitalize \",\"answerB\":\"text-transform:uppercase\",\"answerC\":\"Khng th thc hin c trong CSS\",\"answerD\":\"text-transform:lowercase\"},{\"id\":11212,\"description\":\"Ai (t chc no) to ra Web standards\",\"answerA\":\"The World Wide Web Consortium\",\"answerB\":\"Microsoft\",\"answerC\":\"Netscape\",\"answerD\":\"Tt c u sai\"},{\"id\":11215,\"description\":\"u l tag cn l tri cho ni dung 1  trong bng \",\"answerA\":\"<tdleft>\",\"answerB\":\"<td valign=\\\"left\\\"> \",\"answerC\":\"<td align=\\\"left\\\"> \",\"answerD\":\"<td leftalign>\"},{\"id\":11214,\"description\":\"u l tag to ra tiu  web kch c ln nht. \",\"answerA\":\"<heading> \",\"answerB\":\"<h1>\",\"answerC\":\"<h6>\",\"answerD\":\"<head>\"},{\"id\":11218,\"description\":\"HTML l g ?\",\"answerA\":\"Ngn ng nh du siu vn bn\",\"answerB\":\"Ngn ng lp trnh bc thp\",\"answerC\":\"Ngn ng nh du vn bn\",\"answerD\":\"Ngn ng lp trnh bc cao\"},{\"id\":11216,\"description\":\"C bao nhiu cch lin kt file CSS\",\"answerA\":\"4\",\"answerB\":\"3\",\"answerC\":\"1\",\"answerD\":\"2\"},{\"id\":11220,\"description\":\"test\",\"answerA\":\"1\",\"answerB\":\"2\",\"answerC\":\"3\",\"answerD\":\"4\"},{\"id\":11222,\"description\":\"u l tag  xung dng trong web?\",\"answerA\":\"<lb>\",\"answerB\":\"<br>\",\"answerC\":\"<break>\",\"answerD\":\"<enter>\"},{\"id\":11217,\"description\":\"Lm th no  hnh  u mi dng ca 1 list (danh sch) c hnh vung\",\"answerA\":\"type: 2\",\"answerB\":\"type: square \",\"answerC\":\"list-type: square \",\"answerD\":\"list-style-type: square \"},{\"id\":11219,\"description\":\"test\",\"answerA\":\"1\",\"answerB\":\"2\",\"answerC\":\"3\",\"answerD\":\"4\"},{\"id\":11221,\"description\":\"Trong Javascript on m sau cho ra kt qu g?\\r\\n<script>\\r\\nfunction kiemtra(){\\r\\nwindow.open(\\\"http://www.vnn.vn\\\",\\\"Chao\\\");\\r\\n}\\r\\n</script>\\r\\n</head>\\r\\n<body onload =\\\"kiemtra()\\\"></body>\",\"answerA\":\"Khi chy th mt trang khc (VNN) c hin ra .\",\"answerB\":\"Khng chy c v sai \",\"answerC\":\"Khi kt thc th mt site khc hin ra \",\"answerD\":\"Hin mt trang vnn duy nht\"},{\"id\":11223,\"description\":\"u l tag to ra ra ch in nghing?\",\"answerA\":\"<ii>\",\"answerB\":\"<italics>\",\"answerC\":\"<i>\",\"answerD\":\"<strong>\"},{\"id\":11224,\"description\":\"test\",\"answerA\":\"1\",\"answerB\":\"2\",\"answerC\":\"3\",\"answerD\":\"4\"},{\"id\":11225,\"description\":\"test\",\"answerA\":\"1\",\"answerB\":\"2\",\"answerC\":\"3\",\"answerD\":\"4\"},{\"id\":11226,\"description\":\"Trong Javascript s kin OnUnload thc hin khi no?\",\"answerA\":\"Khi bt u chng trnh chy \",\"answerB\":\"Khi click chut \",\"answerC\":\"Khi kt thc mt chng trnh\",\"answerD\":\"Khi di chuyn chut qua\"},{\"id\":11227,\"description\":\"CSS l vit tt ca? \",\"answerA\":\"Creative Style Sheets \",\"answerB\":\"Computer Style Sheets\",\"answerC\":\"Cascading Style Sheets \",\"answerD\":\"Colorful Style Sheets\"},{\"id\":11228,\"description\":\"T HTML l t vit tt ca t no?\",\"answerA\":\"Hyperlinks and Text Markup Language\",\"answerB\":\"Home Tool Markup Language\",\"answerC\":\"Hyper Text Markup Language\",\"answerD\":\"Tt c u sai\"},{\"id\":11229,\"description\":\"u l tag to ra lin kt n email?\",\"answerA\":\"<a href=\\\"xxx@yyy\\\">\",\"answerB\":\"<a href=\\\"mailto:xxx@yyy\\\">\",\"answerC\":\"<mail>xxx@yyy</mail> \",\"answerD\":\"<mail href=\\\"xxx@yyy\\\"> \"}]', 0, '2023-04-18 15:58:15', '2023-04-18 15:58:15'),
(6, '3121560037', 6, NULL, '[{\"id\":11211,\"description\":\"u l tag to ra 1 danh sch ng u bng s \",\"answerA\":\"<ul>\",\"answerB\":\"<list> \",\"answerC\":\"<ol> \",\"answerD\":\"<dl> \"},{\"id\":11213,\"description\":\". Lm sao  mi t trong 1 dng u vit hoa  u t\",\"answerA\":\"text-transform:capitalize \",\"answerB\":\"text-transform:uppercase\",\"answerC\":\"Khng th thc hin c trong CSS\",\"answerD\":\"text-transform:lowercase\"},{\"id\":11212,\"description\":\"Ai (t chc no) to ra Web standards\",\"answerA\":\"The World Wide Web Consortium\",\"answerB\":\"Microsoft\",\"answerC\":\"Netscape\",\"answerD\":\"Tt c u sai\"},{\"id\":11215,\"description\":\"u l tag cn l tri cho ni dung 1  trong bng \",\"answerA\":\"<tdleft>\",\"answerB\":\"<td valign=\\\"left\\\"> \",\"answerC\":\"<td align=\\\"left\\\"> \",\"answerD\":\"<td leftalign>\"},{\"id\":11214,\"description\":\"u l tag to ra tiu  web kch c ln nht. \",\"answerA\":\"<heading> \",\"answerB\":\"<h1>\",\"answerC\":\"<h6>\",\"answerD\":\"<head>\"},{\"id\":11218,\"description\":\"HTML l g ?\",\"answerA\":\"Ngn ng nh du siu vn bn\",\"answerB\":\"Ngn ng lp trnh bc thp\",\"answerC\":\"Ngn ng nh du vn bn\",\"answerD\":\"Ngn ng lp trnh bc cao\"},{\"id\":11216,\"description\":\"C bao nhiu cch lin kt file CSS\",\"answerA\":\"4\",\"answerB\":\"3\",\"answerC\":\"1\",\"answerD\":\"2\"},{\"id\":11220,\"description\":\"test\",\"answerA\":\"1\",\"answerB\":\"2\",\"answerC\":\"3\",\"answerD\":\"4\"},{\"id\":11222,\"description\":\"u l tag  xung dng trong web?\",\"answerA\":\"<lb>\",\"answerB\":\"<br>\",\"answerC\":\"<break>\",\"answerD\":\"<enter>\"},{\"id\":11217,\"description\":\"Lm th no  hnh  u mi dng ca 1 list (danh sch) c hnh vung\",\"answerA\":\"type: 2\",\"answerB\":\"type: square \",\"answerC\":\"list-type: square \",\"answerD\":\"list-style-type: square \"},{\"id\":11219,\"description\":\"test\",\"answerA\":\"1\",\"answerB\":\"2\",\"answerC\":\"3\",\"answerD\":\"4\"},{\"id\":11221,\"description\":\"Trong Javascript on m sau cho ra kt qu g?\\r\\n<script>\\r\\nfunction kiemtra(){\\r\\nwindow.open(\\\"http://www.vnn.vn\\\",\\\"Chao\\\");\\r\\n}\\r\\n</script>\\r\\n</head>\\r\\n<body onload =\\\"kiemtra()\\\"></body>\",\"answerA\":\"Khi chy th mt trang khc (VNN) c hin ra .\",\"answerB\":\"Khng chy c v sai \",\"answerC\":\"Khi kt thc th mt site khc hin ra \",\"answerD\":\"Hin mt trang vnn duy nht\"},{\"id\":11223,\"description\":\"u l tag to ra ra ch in nghing?\",\"answerA\":\"<ii>\",\"answerB\":\"<italics>\",\"answerC\":\"<i>\",\"answerD\":\"<strong>\"},{\"id\":11224,\"description\":\"test\",\"answerA\":\"1\",\"answerB\":\"2\",\"answerC\":\"3\",\"answerD\":\"4\"},{\"id\":11225,\"description\":\"test\",\"answerA\":\"1\",\"answerB\":\"2\",\"answerC\":\"3\",\"answerD\":\"4\"},{\"id\":11226,\"description\":\"Trong Javascript s kin OnUnload thc hin khi no?\",\"answerA\":\"Khi bt u chng trnh chy \",\"answerB\":\"Khi click chut \",\"answerC\":\"Khi kt thc mt chng trnh\",\"answerD\":\"Khi di chuyn chut qua\"},{\"id\":11227,\"description\":\"CSS l vit tt ca? \",\"answerA\":\"Creative Style Sheets \",\"answerB\":\"Computer Style Sheets\",\"answerC\":\"Cascading Style Sheets \",\"answerD\":\"Colorful Style Sheets\"},{\"id\":11228,\"description\":\"T HTML l t vit tt ca t no?\",\"answerA\":\"Hyperlinks and Text Markup Language\",\"answerB\":\"Home Tool Markup Language\",\"answerC\":\"Hyper Text Markup Language\",\"answerD\":\"Tt c u sai\"},{\"id\":11229,\"description\":\"u l tag to ra lin kt n email?\",\"answerA\":\"<a href=\\\"xxx@yyy\\\">\",\"answerB\":\"<a href=\\\"mailto:xxx@yyy\\\">\",\"answerC\":\"<mail>xxx@yyy</mail> \",\"answerD\":\"<mail href=\\\"xxx@yyy\\\"> \"}]', 0, '2023-04-18 15:58:15', '2023-04-18 15:58:15'),
(7, '3121560037', 7, NULL, '[{\"id\":11231,\"description\":\"u l tag to ra 1 danh sch ng u bng s \",\"answerA\":\"<ul>\",\"answerB\":\"<list> \",\"answerC\":\"<ol> \",\"answerD\":\"<dl> \"},{\"id\":11230,\"description\":\". Lm sao  mi t trong 1 dng u vit hoa  u t\",\"answerA\":\"text-transform:capitalize \",\"answerB\":\"text-transform:uppercase\",\"answerC\":\"Khng th thc hin c trong CSS\",\"answerD\":\"text-transform:lowercase\"},{\"id\":11234,\"description\":\"Ai (t chc no) to ra Web standards\",\"answerA\":\"The World Wide Web Consortium\",\"answerB\":\"Microsoft\",\"answerC\":\"Netscape\",\"answerD\":\"Tt c u sai\"},{\"id\":11232,\"description\":\"u l tag cn l tri cho ni dung 1  trong bng \",\"answerA\":\"<tdleft>\",\"answerB\":\"<td valign=\\\"left\\\"> \",\"answerC\":\"<td align=\\\"left\\\"> \",\"answerD\":\"<td leftalign>\"},{\"id\":11233,\"description\":\"u l tag to ra tiu  web kch c ln nht. \",\"answerA\":\"<heading> \",\"answerB\":\"<h1>\",\"answerC\":\"<h6>\",\"answerD\":\"<head>\"},{\"id\":11238,\"description\":\"HTML l g ?\",\"answerA\":\"Ngn ng nh du siu vn bn\",\"answerB\":\"Ngn ng lp trnh bc thp\",\"answerC\":\"Ngn ng nh du vn bn\",\"answerD\":\"Ngn ng lp trnh bc cao\"},{\"id\":11235,\"description\":\"C bao nhiu cch lin kt file CSS\",\"answerA\":\"4\",\"answerB\":\"3\",\"answerC\":\"1\",\"answerD\":\"2\"},{\"id\":11236,\"description\":\"test\",\"answerA\":\"1\",\"answerB\":\"2\",\"answerC\":\"3\",\"answerD\":\"4\"},{\"id\":11237,\"description\":\"u l tag  xung dng trong web?\",\"answerA\":\"<lb>\",\"answerB\":\"<br>\",\"answerC\":\"<break>\",\"answerD\":\"<enter>\"},{\"id\":11239,\"description\":\"Lm th no  hnh  u mi dng ca 1 list (danh sch) c hnh vung\",\"answerA\":\"type: 2\",\"answerB\":\"type: square \",\"answerC\":\"list-type: square \",\"answerD\":\"list-style-type: square \"},{\"id\":11241,\"description\":\"test\",\"answerA\":\"1\",\"answerB\":\"2\",\"answerC\":\"3\",\"answerD\":\"4\"},{\"id\":11240,\"description\":\"Trong Javascript on m sau cho ra kt qu g?\\r\\n<script>\\r\\nfunction kiemtra(){\\r\\nwindow.open(\\\"http://www.vnn.vn\\\",\\\"Chao\\\");\\r\\n}\\r\\n</script>\\r\\n</head>\\r\\n<body onload =\\\"kiemtra()\\\"></body>\",\"answerA\":\"Khi chy th mt trang khc (VNN) c hin ra .\",\"answerB\":\"Khng chy c v sai \",\"answerC\":\"Khi kt thc th mt site khc hin ra \",\"answerD\":\"Hin mt trang vnn duy nht\"},{\"id\":11242,\"description\":\"u l tag to ra ra ch in nghing?\",\"answerA\":\"<ii>\",\"answerB\":\"<italics>\",\"answerC\":\"<i>\",\"answerD\":\"<strong>\"},{\"id\":11243,\"description\":\"test\",\"answerA\":\"1\",\"answerB\":\"2\",\"answerC\":\"3\",\"answerD\":\"4\"},{\"id\":11244,\"description\":\"test\",\"answerA\":\"1\",\"answerB\":\"2\",\"answerC\":\"3\",\"answerD\":\"4\"},{\"id\":11245,\"description\":\"Trong Javascript s kin OnUnload thc hin khi no?\",\"answerA\":\"Khi bt u chng trnh chy \",\"answerB\":\"Khi click chut \",\"answerC\":\"Khi kt thc mt chng trnh\",\"answerD\":\"Khi di chuyn chut qua\"},{\"id\":11246,\"description\":\"CSS l vit tt ca? \",\"answerA\":\"Creative Style Sheets \",\"answerB\":\"Computer Style Sheets\",\"answerC\":\"Cascading Style Sheets \",\"answerD\":\"Colorful Style Sheets\"},{\"id\":11248,\"description\":\"T HTML l t vit tt ca t no?\",\"answerA\":\"Hyperlinks and Text Markup Language\",\"answerB\":\"Home Tool Markup Language\",\"answerC\":\"Hyper Text Markup Language\",\"answerD\":\"Tt c u sai\"},{\"id\":11247,\"description\":\"u l tag to ra lin kt n email?\",\"answerA\":\"<a href=\\\"xxx@yyy\\\">\",\"answerB\":\"<a href=\\\"mailto:xxx@yyy\\\">\",\"answerC\":\"<mail>xxx@yyy</mail> \",\"answerD\":\"<mail href=\\\"xxx@yyy\\\"> \"}]', 0, '2023-04-18 18:10:43', '2023-04-18 18:10:43'),
(8, '3120410293', 7, NULL, '[{\"id\":11231,\"description\":\"u l tag to ra 1 danh sch ng u bng s \",\"answerA\":\"<ul>\",\"answerB\":\"<list> \",\"answerC\":\"<ol> \",\"answerD\":\"<dl> \"},{\"id\":11230,\"description\":\". Lm sao  mi t trong 1 dng u vit hoa  u t\",\"answerA\":\"text-transform:capitalize \",\"answerB\":\"text-transform:uppercase\",\"answerC\":\"Khng th thc hin c trong CSS\",\"answerD\":\"text-transform:lowercase\"},{\"id\":11234,\"description\":\"Ai (t chc no) to ra Web standards\",\"answerA\":\"The World Wide Web Consortium\",\"answerB\":\"Microsoft\",\"answerC\":\"Netscape\",\"answerD\":\"Tt c u sai\"},{\"id\":11232,\"description\":\"u l tag cn l tri cho ni dung 1  trong bng \",\"answerA\":\"<tdleft>\",\"answerB\":\"<td valign=\\\"left\\\"> \",\"answerC\":\"<td align=\\\"left\\\"> \",\"answerD\":\"<td leftalign>\"},{\"id\":11233,\"description\":\"u l tag to ra tiu  web kch c ln nht. \",\"answerA\":\"<heading> \",\"answerB\":\"<h1>\",\"answerC\":\"<h6>\",\"answerD\":\"<head>\"},{\"id\":11238,\"description\":\"HTML l g ?\",\"answerA\":\"Ngn ng nh du siu vn bn\",\"answerB\":\"Ngn ng lp trnh bc thp\",\"answerC\":\"Ngn ng nh du vn bn\",\"answerD\":\"Ngn ng lp trnh bc cao\"},{\"id\":11235,\"description\":\"C bao nhiu cch lin kt file CSS\",\"answerA\":\"4\",\"answerB\":\"3\",\"answerC\":\"1\",\"answerD\":\"2\"},{\"id\":11236,\"description\":\"test\",\"answerA\":\"1\",\"answerB\":\"2\",\"answerC\":\"3\",\"answerD\":\"4\"},{\"id\":11237,\"description\":\"u l tag  xung dng trong web?\",\"answerA\":\"<lb>\",\"answerB\":\"<br>\",\"answerC\":\"<break>\",\"answerD\":\"<enter>\"},{\"id\":11239,\"description\":\"Lm th no  hnh  u mi dng ca 1 list (danh sch) c hnh vung\",\"answerA\":\"type: 2\",\"answerB\":\"type: square \",\"answerC\":\"list-type: square \",\"answerD\":\"list-style-type: square \"},{\"id\":11241,\"description\":\"test\",\"answerA\":\"1\",\"answerB\":\"2\",\"answerC\":\"3\",\"answerD\":\"4\"},{\"id\":11240,\"description\":\"Trong Javascript on m sau cho ra kt qu g?\\r\\n<script>\\r\\nfunction kiemtra(){\\r\\nwindow.open(\\\"http://www.vnn.vn\\\",\\\"Chao\\\");\\r\\n}\\r\\n</script>\\r\\n</head>\\r\\n<body onload =\\\"kiemtra()\\\"></body>\",\"answerA\":\"Khi chy th mt trang khc (VNN) c hin ra .\",\"answerB\":\"Khng chy c v sai \",\"answerC\":\"Khi kt thc th mt site khc hin ra \",\"answerD\":\"Hin mt trang vnn duy nht\"},{\"id\":11242,\"description\":\"u l tag to ra ra ch in nghing?\",\"answerA\":\"<ii>\",\"answerB\":\"<italics>\",\"answerC\":\"<i>\",\"answerD\":\"<strong>\"},{\"id\":11243,\"description\":\"test\",\"answerA\":\"1\",\"answerB\":\"2\",\"answerC\":\"3\",\"answerD\":\"4\"},{\"id\":11244,\"description\":\"test\",\"answerA\":\"1\",\"answerB\":\"2\",\"answerC\":\"3\",\"answerD\":\"4\"},{\"id\":11245,\"description\":\"Trong Javascript s kin OnUnload thc hin khi no?\",\"answerA\":\"Khi bt u chng trnh chy \",\"answerB\":\"Khi click chut \",\"answerC\":\"Khi kt thc mt chng trnh\",\"answerD\":\"Khi di chuyn chut qua\"},{\"id\":11246,\"description\":\"CSS l vit tt ca? \",\"answerA\":\"Creative Style Sheets \",\"answerB\":\"Computer Style Sheets\",\"answerC\":\"Cascading Style Sheets \",\"answerD\":\"Colorful Style Sheets\"},{\"id\":11248,\"description\":\"T HTML l t vit tt ca t no?\",\"answerA\":\"Hyperlinks and Text Markup Language\",\"answerB\":\"Home Tool Markup Language\",\"answerC\":\"Hyper Text Markup Language\",\"answerD\":\"Tt c u sai\"},{\"id\":11247,\"description\":\"u l tag to ra lin kt n email?\",\"answerA\":\"<a href=\\\"xxx@yyy\\\">\",\"answerB\":\"<a href=\\\"mailto:xxx@yyy\\\">\",\"answerC\":\"<mail>xxx@yyy</mail> \",\"answerD\":\"<mail href=\\\"xxx@yyy\\\"> \"}]', 0, '2023-04-18 18:10:43', '2023-04-18 18:10:43'),
(9, '3121560037', 29, 0, '[{\"id\":11253,\"studentAns\":\"A\",\"description\":\"123\",\"answerA\":\"123\",\"answerB\":\"123\",\"answerC\":\"123\",\"answerD\":\"123\"}]', 1, '2023-04-20 18:31:17', '2023-04-20 18:32:30'),
(10, '3121560037', 30, 1, '[{\"id\":11254,\"studentAns\":\"A\",\"dataValues\":{\"id\":11254,\"correctAns\":\"A\",\"description\":\"123\",\"answerA\":\"123\",\"answerB\":\"123\",\"answerC\":\"123\",\"answerD\":\"123\",\"level\":0,\"status\":0,\"createdAt\":\"2023-04-20T11:31:30.000Z\",\"updatedAt\":\"2023-04-20T11:31:30.000Z\",\"deletedAt\":null,\"chapterId\":\"841109-0\"},\"_previousDataValues\":{\"id\":11254,\"correctAns\":\"A\",\"description\":\"123\",\"answerA\":\"123\",\"answerB\":\"123\",\"answerC\":\"123\",\"answerD\":\"123\",\"level\":0,\"status\":0,\"createdAt\":\"2023-04-20T11:31:30.000Z\",\"updatedAt\":\"2023-04-20T11:31:30.000Z\",\"deletedAt\":null,\"chapterId\":\"841109-0\"},\"uniqno\":1,\"_changed\":{},\"_options\":{\"isNewRecord\":false,\"_schema\":null,\"_schemaDelimiter\":\"\",\"raw\":true,\"attributes\":[\"id\",\"correctAns\",\"description\",\"answerA\",\"answerB\",\"answerC\",\"answerD\",\"level\",\"status\",\"createdAt\",\"updatedAt\",\"deletedAt\",\"chapterId\"]},\"isNewRecord\":false}]', 1, '2023-04-20 18:31:30', '2023-04-20 18:53:49'),
(11, '3121560037', 31, 0, '[{\"dataValues\":{\"id\":11255,\"correctAns\":\"A\",\"description\":\"123\",\"answerA\":\"123\",\"answerB\":\"123\",\"answerC\":\"123\",\"answerD\":\"123\",\"level\":0,\"status\":0,\"createdAt\":\"2023-04-20T12:07:03.000Z\",\"updatedAt\":\"2023-04-20T12:07:03.000Z\",\"deletedAt\":null,\"chapterId\":\"841109-0\"},\"_previousDataValues\":{\"id\":11255,\"correctAns\":\"A\",\"description\":\"123\",\"answerA\":\"123\",\"answerB\":\"123\",\"answerC\":\"123\",\"answerD\":\"123\",\"level\":0,\"status\":0,\"createdAt\":\"2023-04-20T12:07:03.000Z\",\"updatedAt\":\"2023-04-20T12:07:03.000Z\",\"deletedAt\":null,\"chapterId\":\"841109-0\"},\"uniqno\":1,\"_changed\":{},\"_options\":{\"isNewRecord\":false,\"_schema\":null,\"_schemaDelimiter\":\"\",\"raw\":true,\"attributes\":[\"id\",\"correctAns\",\"description\",\"answerA\",\"answerB\",\"answerC\",\"answerD\",\"level\",\"status\",\"createdAt\",\"updatedAt\",\"deletedAt\",\"chapterId\"]},\"isNewRecord\":false,\"studentAns\":\"B\"}]', 1, '2023-04-20 19:07:03', '2023-04-20 19:07:11'),
(12, '3121560037', 32, 1, '[{\"dataValues\":{\"id\":11256,\"correctAns\":\"A\",\"description\":\"123\",\"answerA\":\"123\",\"answerB\":\"123\",\"answerC\":\"123\",\"answerD\":\"123\",\"level\":0,\"status\":0,\"createdAt\":\"2023-04-20T12:09:45.000Z\",\"updatedAt\":\"2023-04-20T12:09:45.000Z\",\"deletedAt\":null,\"chapterId\":\"841109-0\"},\"_previousDataValues\":{\"id\":11256,\"correctAns\":\"A\",\"description\":\"123\",\"answerA\":\"123\",\"answerB\":\"123\",\"answerC\":\"123\",\"answerD\":\"123\",\"level\":0,\"status\":0,\"createdAt\":\"2023-04-20T12:09:45.000Z\",\"updatedAt\":\"2023-04-20T12:09:45.000Z\",\"deletedAt\":null,\"chapterId\":\"841109-0\"},\"uniqno\":1,\"_changed\":{},\"_options\":{\"isNewRecord\":false,\"_schema\":null,\"_schemaDelimiter\":\"\",\"raw\":true,\"attributes\":[\"id\",\"correctAns\",\"description\",\"answerA\",\"answerB\",\"answerC\",\"answerD\",\"level\",\"status\",\"createdAt\",\"updatedAt\",\"deletedAt\",\"chapterId\"]},\"isNewRecord\":false,\"id\":11256,\"studentAns\":\"A\"}]', 1, '2023-04-20 19:09:45', '2023-04-20 19:09:56'),
(13, '3121560037', 33, 1, '[{\"id\":11257,\"correctAns\":\"A\",\"answerA\":\"123\",\"answerB\":\"123\",\"answerC\":\"123\",\"answerD\":\"123\",\"studentAns\":\"A\"}]', 1, '2023-04-20 19:11:20', '2023-04-20 19:11:29'),
(14, '3121560037', 38, 1, '[{\"id\":11266,\"correctAns\":\"A\",\"answerA\":\"ans1\",\"answerB\":\"ans2\",\"answerC\":\"m\",\"answerD\":\"m\",\"studentAns\":\"A\"},{\"id\":11267,\"correctAns\":\"A\",\"answerA\":\"ans1\",\"answerB\":\"ans2\",\"answerC\":\"m\",\"answerD\":\"m\",\"studentAns\":\"B\"}]', 1, '2023-04-21 12:43:34', '2023-04-21 12:44:17');

-- --------------------------------------------------------

--
-- Table structure for table `students`
--

CREATE TABLE `students` (
  `id` varchar(10) NOT NULL,
  `fullname` varchar(50) DEFAULT NULL,
  `dob` date DEFAULT NULL,
  `accountId` int(11) DEFAULT NULL,
  `createdAt` datetime NOT NULL,
  `updatedAt` datetime NOT NULL,
  `majorId` varchar(10) DEFAULT NULL
) ENGINE=InnoDB DEFAULT CHARSET=utf8 COLLATE=utf8_general_ci;

--
-- Dumping data for table `students`
--

INSERT INTO `students` (`id`, `fullname`, `dob`, `accountId`, `createdAt`, `updatedAt`, `majorId`) VALUES
('3120410167', ' Minh Hiu', '0000-00-00', 199, '2023-04-11 13:02:24', '2023-04-11 13:02:24', 'DCT'),
('3120410251', 'L Duy Khi', '2023-04-12', 213, '2023-04-11 13:02:24', '2023-04-18 14:36:25', 'DCT'),
('3120410277', 'o Ngc Linh', '2023-04-06', 215, '2023-04-11 13:02:24', '2023-04-18 14:58:39', 'DCT'),
('3120410293', 'Nguyn Trng T', '2023-04-13', 217, '2023-04-11 13:02:24', '2023-04-18 18:28:28', 'DCT'),
('3120410324', 'L Tun Minh', '2023-04-05', 220, '2023-04-11 13:02:24', '2023-04-18 14:50:38', 'DCT'),
('3120410334', 'Hunh Ngc Nam', '2023-04-13', 221, '2023-04-11 13:02:24', '2023-04-18 14:51:54', 'DCT'),
('3120410347', 'Bi Minh Ngc', '2023-04-13', 223, '2023-04-11 13:02:24', '2023-04-18 14:54:32', 'DCT'),
('3120410606', 'L Thi Vi', '0000-00-00', 236, '2023-04-11 13:02:24', '2023-04-11 13:02:24', 'DCT'),
('3120410607', 'H Quc V', '2023-03-31', 237, '2023-04-11 13:02:24', '2023-04-18 14:51:05', 'DCT'),
('3120410609', 'L Hng Vit', '0000-00-00', 238, '2023-04-11 13:02:24', '2023-04-11 13:02:24', 'DCT'),
('3120560034', 'Phng c Huy', '0000-00-00', 206, '2023-04-11 13:02:24', '2023-04-11 13:02:24', 'DKP'),
('3120560043', 'Nguyn Anh Khoa', '0000-00-00', 211, '2023-04-11 13:02:24', '2023-04-18 19:28:24', 'DKP'),
('3121410023', 'Tin Minh', '2023-04-20', 240, '2023-04-11 13:02:24', '2023-04-18 15:00:57', 'DCT'),
('3121410055', 'Nguyn Th Anh', '2023-04-12', 187, '2023-04-11 13:02:24', '2023-04-18 15:09:17', 'DCT'),
('3121410066', 'Bi Hng Bo', '2023-04-14', 190, '2023-04-11 13:02:24', '2023-04-18 16:17:32', 'DCT'),
('3121410070', 'Hong Gia Bo', '0000-00-00', 191, '2023-04-11 13:02:24', '2023-04-11 13:02:24', 'DCT'),
('3121410082', 'Nguyn Thanh Bnh', '0000-00-00', 189, '2023-04-11 13:02:24', '2023-04-11 13:02:24', 'DCT'),
('3121410087', 'Mai Trung Chinh', '0000-00-00', 192, '2023-04-11 13:02:24', '2023-04-11 13:02:24', 'DCT'),
('3121410131', 'Trn Hi Dng', '0000-00-00', 195, '2023-04-11 13:02:24', '2023-04-11 13:02:24', 'DCT'),
('3121410146', 'Nguyn Thnh t', '2003-05-16', 197, '2023-04-11 13:02:24', '2023-04-18 15:12:35', 'DCT'),
('3121410182', 'Trn V Ho', '0000-00-00', 198, '2023-04-11 13:02:24', '2023-04-11 13:02:24', 'DCT'),
('3121410205', 'Vi Th Hoa', '0000-00-00', 200, '2023-04-11 13:02:24', '2023-04-11 13:02:24', 'DCT'),
('3121410208', ' Ngc Xun Hong', '0000-00-00', 201, '2023-04-11 13:02:24', '2023-04-11 13:02:24', 'DCT'),
('3121410210', 'L Long Hong', '0000-00-00', 202, '2023-04-11 13:02:24', '2023-04-11 13:02:24', 'DCT'),
('3121410212', 'Nguyn Huy Hong', '0000-00-00', 203, '2023-04-11 13:02:24', '2023-04-11 13:02:24', 'DCT'),
('3121410236', 'Bin Thnh Hng', '0000-00-00', 207, '2023-04-11 13:02:24', '2023-04-11 13:02:24', 'DCT'),
('3121410265', 'Nguyn Huy Khim', '0000-00-00', 210, '2023-04-11 13:02:24', '2023-04-11 13:02:24', 'DCT'),
('3121410274', 'Nguyn Nht Khoa', '0000-00-00', 212, '2023-04-11 13:02:24', '2023-04-11 13:02:24', 'DCT'),
('3121410284', 'L Trung Kin', '0000-00-00', 214, '2023-04-11 13:02:24', '2023-04-11 13:02:24', 'DCT'),
('3121410294', 'Trn Quang Linh', '0000-00-00', 216, '2023-04-11 13:02:24', '2023-04-11 13:02:24', 'DCT'),
('3121410304', 'Trn Dng c Lc', '0000-00-00', 218, '2023-04-11 13:02:24', '2023-04-11 13:02:24', 'DCT'),
('3121410330', 'L Hoi Nam', '2023-04-14', 222, '2023-04-11 13:02:24', '2023-04-18 14:38:57', 'DCT'),
('3121410353', 'Trn Khi Nguyn', '0000-00-00', 224, '2023-04-11 13:02:24', '2023-04-11 13:02:24', 'DCT'),
('3121410374', 'Nguyn Vn Ninh', '0000-00-00', 225, '2023-04-11 13:02:24', '2023-04-11 13:02:24', 'DCT'),
('3121410379', 'Nguyn Tin Pht', '0000-00-00', 226, '2023-04-11 13:02:24', '2023-04-11 13:02:24', 'DCT'),
('3121410383', 'Nguyn Thanh Phong', '0000-00-00', 227, '2023-04-11 13:02:24', '2023-04-11 13:02:24', 'DCT'),
('3121410401', 'Trn Nh Ph Quang', '2023-04-13', 228, '2023-04-11 13:02:24', '2023-04-18 14:43:52', 'DCT'),
('3121410417', 'Nguyn Ngc Sang', '2003-08-21', 229, '2023-04-11 13:02:24', '2023-04-18 14:45:09', 'DCT'),
('3121410425', 'Nguyn Ngc Sn', '2003-05-20', 230, '2023-04-11 13:02:24', '2023-04-18 14:36:44', 'DCT'),
('3121410482', 'Nguyn Minh Thun', '0000-00-00', 232, '2023-04-11 13:02:24', '2023-04-11 13:02:24', 'DCT'),
('3121410531', 'V Thanh Trng', '0000-00-00', 233, '2023-04-11 13:02:24', '2023-04-11 13:02:24', 'DCT'),
('3121410555', 'Mch Ho Tun', '0000-00-00', 234, '2023-04-11 13:02:24', '2023-04-11 13:02:24', 'DCT'),
('3121410559', 'Nguyn Minh Tun', '0000-00-00', 235, '2023-04-11 13:02:24', '2023-04-18 14:55:49', 'DCT'),
('3121410585', 'Nguyn Yn Vy', '0000-00-00', 239, '2023-04-11 13:02:24', '2023-04-18 14:55:54', 'DCT'),
('3121560017', 'Trn c Chnh', '0000-00-00', 188, '2023-04-11 13:02:24', '2023-04-11 13:02:24', 'DKP'),
('3121560022', 'Nguyn Thanh Duy', '0000-00-00', 193, '2023-04-11 13:02:24', '2023-04-11 13:02:24', 'DKP'),
('3121560023', 'V Khng Duy', '0000-00-00', 194, '2023-04-11 13:02:24', '2023-04-11 13:02:24', 'DKP'),
('3121560025', ' Tin t', '0000-00-00', 196, '2023-04-11 13:02:24', '2023-04-11 13:02:24', 'DKP'),
('3121560033', 'Nguyn Trng Khnh Hong', '0000-00-00', 204, '2023-04-11 13:02:24', '2023-04-11 13:02:24', 'DKP'),
('3121560037', 'Nguyn Trng Khnh He', '2003-10-30', 21, '2023-04-11 03:01:59', '2023-04-25 15:09:26', 'DKP'),
('3121560038', 'Nguyn Phc Huy', '0000-00-00', 205, '2023-04-11 13:02:24', '2023-04-11 13:02:24', 'DKP'),
('3121560043', 'Nguyn Nht Khi', '0000-00-00', 208, '2023-04-11 13:02:24', '2023-04-11 13:02:24', 'DKP'),
('3121560045', 'Nguyn Hu Khim', '0000-00-00', 209, '2023-04-11 13:02:24', '2023-04-11 13:02:24', 'DKP'),
('3121560051', 'Nguyn Hong Lun', '0000-00-00', 219, '2023-04-11 13:02:24', '2023-04-18 19:28:26', 'DKP'),
('3121560087', 'Trn Khang Thnh', '0000-00-00', 231, '2023-04-11 13:02:24', '2023-04-11 13:02:24', 'DKP');

-- --------------------------------------------------------

--
-- Table structure for table `teach`
--

CREATE TABLE `teach` (
  `teacherId` varchar(10) NOT NULL,
  `lectureId` varchar(10) NOT NULL
) ENGINE=InnoDB DEFAULT CHARSET=utf8 COLLATE=utf8_general_ci;

--
-- Dumping data for table `teach`
--

INSERT INTO `teach` (`teacherId`, `lectureId`) VALUES
('10991', '841109');

-- --------------------------------------------------------

--
-- Table structure for table `teachers`
--

CREATE TABLE `teachers` (
  `id` varchar(10) NOT NULL,
  `fullname` varchar(50) NOT NULL,
  `dob` datetime NOT NULL,
  `accountId` int(11) DEFAULT NULL,
  `createdAt` datetime NOT NULL,
  `updatedAt` datetime NOT NULL,
  `departmentId` varchar(10) DEFAULT NULL
) ENGINE=InnoDB DEFAULT CHARSET=utf8 COLLATE=utf8_general_ci;

--
-- Dumping data for table `teachers`
--

INSERT INTO `teachers` (`id`, `fullname`, `dob`, `accountId`, `createdAt`, `updatedAt`, `departmentId`) VALUES
('10991', 'Nguyn Thanh Sang', '2023-03-18 15:49:49', 1, '2023-03-18 15:49:49', '2023-03-18 15:49:49', 'CT'),
('20766', 'Hunh Minh Tr', '2023-03-31 08:35:46', 4, '2023-03-31 08:35:46', '2023-03-31 08:35:46', 'CT');

--
-- Indexes for dumped tables
--

--
-- Indexes for table `accounts`
--
ALTER TABLE `accounts`
  ADD PRIMARY KEY (`id`),
  ADD KEY `permissiongroupId` (`permissiongroupId`);

--
-- Indexes for table `chapters`
--
ALTER TABLE `chapters`
  ADD PRIMARY KEY (`id`),
  ADD UNIQUE KEY `id` (`id`),
  ADD KEY `lectureId` (`lectureId`);

--
-- Indexes for table `classdetail`
--
ALTER TABLE `classdetail`
  ADD PRIMARY KEY (`id`),
  ADD UNIQUE KEY `id` (`id`),
  ADD UNIQUE KEY `classdetail_classId_studentId_unique` (`studentId`,`classId`),
  ADD KEY `classId` (`classId`);

--
-- Indexes for table `classes`
--
ALTER TABLE `classes`
  ADD PRIMARY KEY (`id`),
  ADD UNIQUE KEY `id` (`id`),
  ADD KEY `teacherId` (`teacherId`),
  ADD KEY `lectureId` (`lectureId`);

--
-- Indexes for table `departments`
--
ALTER TABLE `departments`
  ADD PRIMARY KEY (`id`),
  ADD KEY `headOfDepartment` (`headOfDepartment`);

--
-- Indexes for table `examchapter`
--
ALTER TABLE `examchapter`
  ADD PRIMARY KEY (`examId`,`chapterId`),
  ADD KEY `chapterId` (`chapterId`);

--
-- Indexes for table `examresults`
--
ALTER TABLE `examresults`
  ADD PRIMARY KEY (`id`);

--
-- Indexes for table `exams`
--
ALTER TABLE `exams`
  ADD PRIMARY KEY (`id`),
  ADD UNIQUE KEY `id` (`id`),
  ADD KEY `classId` (`classId`);

--
-- Indexes for table `functiondetail`
--
ALTER TABLE `functiondetail`
  ADD PRIMARY KEY (`permissiongroupId`,`functionId`);

--
-- Indexes for table `functions`
--
ALTER TABLE `functions`
  ADD PRIMARY KEY (`id`);

--
-- Indexes for table `lecturedetail`
--
ALTER TABLE `lecturedetail`
  ADD PRIMARY KEY (`majorId`,`lectureId`),
  ADD KEY `lectureId` (`lectureId`);

--
-- Indexes for table `lectures`
--
ALTER TABLE `lectures`
  ADD PRIMARY KEY (`id`),
  ADD UNIQUE KEY `id` (`id`);

--
-- Indexes for table `majors`
--
ALTER TABLE `majors`
  ADD PRIMARY KEY (`id`),
  ADD UNIQUE KEY `id` (`id`),
  ADD KEY `departmentId` (`departmentId`);

--
-- Indexes for table `notifications`
--
ALTER TABLE `notifications`
  ADD PRIMARY KEY (`id`),
  ADD KEY `classId` (`classId`);

--
-- Indexes for table `permissiongroups`
--
ALTER TABLE `permissiongroups`
  ADD PRIMARY KEY (`id`);

--
-- Indexes for table `questions`
--
ALTER TABLE `questions`
  ADD PRIMARY KEY (`id`),
  ADD UNIQUE KEY `id` (`id`),
  ADD KEY `chapterId` (`chapterId`);

--
-- Indexes for table `studentresults`
--
ALTER TABLE `studentresults`
  ADD PRIMARY KEY (`id`),
  ADD UNIQUE KEY `studentresults_examId_studentId_unique` (`studentId`,`examId`),
  ADD KEY `examId` (`examId`);

--
-- Indexes for table `students`
--
ALTER TABLE `students`
  ADD PRIMARY KEY (`id`),
  ADD UNIQUE KEY `id` (`id`),
  ADD KEY `accountId` (`accountId`),
  ADD KEY `majorId` (`majorId`);

--
-- Indexes for table `teach`
--
ALTER TABLE `teach`
  ADD PRIMARY KEY (`teacherId`,`lectureId`),
  ADD KEY `lectureId` (`lectureId`);

--
-- Indexes for table `teachers`
--
ALTER TABLE `teachers`
  ADD PRIMARY KEY (`id`),
  ADD UNIQUE KEY `id` (`id`),
  ADD KEY `accountId` (`accountId`),
  ADD KEY `departmentId` (`departmentId`);

--
-- AUTO_INCREMENT for dumped tables
--

--
-- AUTO_INCREMENT for table `accounts`
--
ALTER TABLE `accounts`
  MODIFY `id` int(11) NOT NULL AUTO_INCREMENT, AUTO_INCREMENT=889;

--
-- AUTO_INCREMENT for table `classdetail`
--
ALTER TABLE `classdetail`
  MODIFY `id` int(11) NOT NULL AUTO_INCREMENT, AUTO_INCREMENT=921;

--
-- AUTO_INCREMENT for table `examresults`
--
ALTER TABLE `examresults`
  MODIFY `id` int(11) NOT NULL AUTO_INCREMENT;

--
-- AUTO_INCREMENT for table `exams`
--
ALTER TABLE `exams`
  MODIFY `id` int(11) NOT NULL AUTO_INCREMENT, AUTO_INCREMENT=39;

--
-- AUTO_INCREMENT for table `functions`
--
ALTER TABLE `functions`
  MODIFY `id` int(11) NOT NULL AUTO_INCREMENT, AUTO_INCREMENT=8;

--
-- AUTO_INCREMENT for table `notifications`
--
ALTER TABLE `notifications`
  MODIFY `id` int(11) NOT NULL AUTO_INCREMENT;

--
-- AUTO_INCREMENT for table `permissiongroups`
--
ALTER TABLE `permissiongroups`
  MODIFY `id` int(11) NOT NULL AUTO_INCREMENT, AUTO_INCREMENT=3;

--
-- AUTO_INCREMENT for table `questions`
--
ALTER TABLE `questions`
  MODIFY `id` int(11) NOT NULL AUTO_INCREMENT, AUTO_INCREMENT=11268;

--
-- AUTO_INCREMENT for table `studentresults`
--
ALTER TABLE `studentresults`
  MODIFY `id` int(11) NOT NULL AUTO_INCREMENT, AUTO_INCREMENT=15;

--
-- Constraints for dumped tables
--

--
-- Constraints for table `accounts`
--
ALTER TABLE `accounts`
  ADD CONSTRAINT `accounts_ibfk_1` FOREIGN KEY (`permissiongroupId`) REFERENCES `permissiongroups` (`id`) ON DELETE SET NULL ON UPDATE CASCADE;

--
-- Constraints for table `chapters`
--
ALTER TABLE `chapters`
  ADD CONSTRAINT `chapters_ibfk_1` FOREIGN KEY (`lectureId`) REFERENCES `lectures` (`id`) ON DELETE SET NULL ON UPDATE CASCADE;

--
-- Constraints for table `classdetail`
--
ALTER TABLE `classdetail`
  ADD CONSTRAINT `classdetail_ibfk_1721` FOREIGN KEY (`studentId`) REFERENCES `students` (`id`) ON DELETE CASCADE ON UPDATE CASCADE,
  ADD CONSTRAINT `classdetail_ibfk_1722` FOREIGN KEY (`classId`) REFERENCES `classes` (`id`) ON DELETE CASCADE ON UPDATE CASCADE;

--
-- Constraints for table `classes`
--
ALTER TABLE `classes`
  ADD CONSTRAINT `classes_ibfk_4793` FOREIGN KEY (`teacherId`) REFERENCES `teachers` (`id`) ON DELETE SET NULL ON UPDATE CASCADE,
  ADD CONSTRAINT `classes_ibfk_4794` FOREIGN KEY (`lectureId`) REFERENCES `lectures` (`id`) ON DELETE SET NULL ON UPDATE CASCADE;

--
-- Constraints for table `departments`
--
ALTER TABLE `departments`
  ADD CONSTRAINT `departments_ibfk_1` FOREIGN KEY (`headOfDepartment`) REFERENCES `teachers` (`id`) ON DELETE SET NULL ON UPDATE CASCADE;

--
-- Constraints for table `examchapter`
--
ALTER TABLE `examchapter`
  ADD CONSTRAINT `examchapter_ibfk_1` FOREIGN KEY (`chapterId`) REFERENCES `chapters` (`id`),
  ADD CONSTRAINT `examchapter_ibfk_2` FOREIGN KEY (`examId`) REFERENCES `exams` (`id`);

--
-- Constraints for table `exams`
--
ALTER TABLE `exams`
  ADD CONSTRAINT `exams_ibfk_1` FOREIGN KEY (`classId`) REFERENCES `classes` (`id`) ON DELETE SET NULL ON UPDATE CASCADE;

--
-- Constraints for table `lecturedetail`
--
ALTER TABLE `lecturedetail`
  ADD CONSTRAINT `lecturedetail_ibfk_1` FOREIGN KEY (`lectureId`) REFERENCES `lectures` (`id`),
  ADD CONSTRAINT `lecturedetail_ibfk_2` FOREIGN KEY (`majorId`) REFERENCES `majors` (`id`);

--
-- Constraints for table `majors`
--
ALTER TABLE `majors`
  ADD CONSTRAINT `majors_ibfk_1` FOREIGN KEY (`departmentId`) REFERENCES `departments` (`id`) ON DELETE SET NULL ON UPDATE CASCADE;

--
-- Constraints for table `notifications`
--
ALTER TABLE `notifications`
  ADD CONSTRAINT `notifications_ibfk_1` FOREIGN KEY (`classId`) REFERENCES `classes` (`id`) ON DELETE SET NULL ON UPDATE CASCADE;

--
-- Constraints for table `questions`
--
ALTER TABLE `questions`
  ADD CONSTRAINT `questions_ibfk_1` FOREIGN KEY (`chapterId`) REFERENCES `chapters` (`id`) ON DELETE SET NULL ON UPDATE CASCADE;

--
-- Constraints for table `studentresults`
--
ALTER TABLE `studentresults`
  ADD CONSTRAINT `studentresults_ibfk_650` FOREIGN KEY (`studentId`) REFERENCES `students` (`id`) ON DELETE CASCADE ON UPDATE CASCADE,
  ADD CONSTRAINT `studentresults_ibfk_651` FOREIGN KEY (`examId`) REFERENCES `exams` (`id`) ON DELETE CASCADE ON UPDATE CASCADE;

--
-- Constraints for table `students`
--
ALTER TABLE `students`
  ADD CONSTRAINT `students_ibfk_4801` FOREIGN KEY (`accountId`) REFERENCES `accounts` (`id`) ON DELETE NO ACTION ON UPDATE CASCADE,
  ADD CONSTRAINT `students_ibfk_4802` FOREIGN KEY (`majorId`) REFERENCES `majors` (`id`) ON DELETE SET NULL ON UPDATE CASCADE;

--
-- Constraints for table `teach`
--
ALTER TABLE `teach`
  ADD CONSTRAINT `teach_ibfk_1` FOREIGN KEY (`lectureId`) REFERENCES `lectures` (`id`),
  ADD CONSTRAINT `teach_ibfk_2` FOREIGN KEY (`teacherId`) REFERENCES `teachers` (`id`);

--
-- Constraints for table `teachers`
--
ALTER TABLE `teachers`
  ADD CONSTRAINT `teachers_ibfk_4421` FOREIGN KEY (`accountId`) REFERENCES `accounts` (`id`) ON DELETE SET NULL ON UPDATE CASCADE,
  ADD CONSTRAINT `teachers_ibfk_4422` FOREIGN KEY (`departmentId`) REFERENCES `departments` (`id`) ON DELETE SET NULL ON UPDATE CASCADE;
COMMIT;

/*!40101 SET CHARACTER_SET_CLIENT=@OLD_CHARACTER_SET_CLIENT */;
/*!40101 SET CHARACTER_SET_RESULTS=@OLD_CHARACTER_SET_RESULTS */;
/*!40101 SET COLLATION_CONNECTION=@OLD_COLLATION_CONNECTION */;
